card_id,ind,url,scrap_date
104309289,1,https://avcdn.av.by/advertbig/0001/9851/1847.jpg,2023-05-26 15:02:01
104309289,2,https://avcdn.av.by/advertbig/0001/9851/1857.jpg,2023-05-26 15:02:01
104309289,3,https://avcdn.av.by/advertbig/0001/9851/1852.jpg,2023-05-26 15:02:01
104309289,4,https://avcdn.av.by/advertbig/0001/9851/3837.jpg,2023-05-26 15:02:01
104309289,5,https://avcdn.av.by/advertbig/0001/9851/3892.jpg,2023-05-26 15:02:01
104309289,6,https://avcdn.av.by/advertbig/0001/9851/3882.jpg,2023-05-26 15:02:01
104309289,7,https://avcdn.av.by/advertbig/0001/9851/3857.jpg,2023-05-26 15:02:01
104309289,8,https://avcdn.av.by/advertbig/0001/9851/3832.jpg,2023-05-26 15:02:01
104309289,9,https://avcdn.av.by/advertbig/0001/9851/5167.jpg,2023-05-26 15:02:01
104309289,10,https://avcdn.av.by/advertbig/0001/9851/5187.jpg,2023-05-26 15:02:01
104309289,11,https://avcdn.av.by/advertbig/0001/9851/5197.jpg,2023-05-26 15:02:01
103933657,1,https://avcdn.av.by/advertbig/0002/0385/7084.jpg,2023-05-26 15:02:02
103933657,2,https://avcdn.av.by/advertbig/0002/0385/7064.jpg,2023-05-26 15:02:02
103933657,3,https://avcdn.av.by/advertbig/0002/0385/7079.jpg,2023-05-26 15:02:02
103933657,4,https://avcdn.av.by/advertbig/0002/0385/7089.jpg,2023-05-26 15:02:02
103933657,5,https://avcdn.av.by/advertbig/0002/0385/9449.jpg,2023-05-26 15:02:02
103933657,6,https://avcdn.av.by/advertbig/0002/0385/9469.jpg,2023-05-26 15:02:02
104572570,1,https://avcdn.av.by/advertbig/0002/0261/0770.jpg,2023-05-26 15:02:02
104572570,2,https://avcdn.av.by/advertbig/0002/0261/0775.jpg,2023-05-26 15:02:02
104572570,3,https://avcdn.av.by/advertbig/0002/0261/0780.jpg,2023-05-26 15:02:02
104572570,4,https://avcdn.av.by/advertbig/0002/0261/0785.jpg,2023-05-26 15:02:02
104572570,5,https://avcdn.av.by/advertbig/0002/0261/0790.jpg,2023-05-26 15:02:02
104572570,6,https://avcdn.av.by/advertbig/0002/0261/0795.jpg,2023-05-26 15:02:02
104572570,7,https://avcdn.av.by/advertbig/0002/0261/0800.jpg,2023-05-26 15:02:02
104572570,8,https://avcdn.av.by/advertbig/0002/0261/0805.jpg,2023-05-26 15:02:02
104572570,9,https://avcdn.av.by/advertbig/0002/0586/9195.jpg,2023-05-26 15:02:02
104572570,10,https://avcdn.av.by/advertbig/0002/0586/9210.jpg,2023-05-26 15:02:02
104673128,1,https://avcdn.av.by/advertbig/0002/0583/1734.jpg,2023-05-26 15:02:04
104673128,2,https://avcdn.av.by/advertbig/0002/0583/1729.jpg,2023-05-26 15:02:04
104673128,3,https://avcdn.av.by/advertbig/0002/0583/1744.jpg,2023-05-26 15:02:04
104673128,4,https://avcdn.av.by/advertbig/0002/0583/1749.jpg,2023-05-26 15:02:04
104673128,5,https://avcdn.av.by/advertbig/0002/0583/1766.jpg,2023-05-26 15:02:04
104673128,6,https://avcdn.av.by/advertbig/0002/0583/1739.jpg,2023-05-26 15:02:04
104673128,7,https://avcdn.av.by/advertbig/0002/0583/1759.jpg,2023-05-26 15:02:04
104673128,8,https://avcdn.av.by/advertbig/0002/0583/1764.jpg,2023-05-26 15:02:04
104673128,9,https://avcdn.av.by/advertbig/0002/0583/1794.jpg,2023-05-26 15:02:04
104673128,10,https://avcdn.av.by/advertbig/0002/0583/1779.jpg,2023-05-26 15:02:04
104673128,11,https://avcdn.av.by/advertbig/0002/0583/1784.jpg,2023-05-26 15:02:04
104673128,12,https://avcdn.av.by/advertbig/0002/0583/1789.jpg,2023-05-26 15:02:04
104673128,13,https://avcdn.av.by/advertbig/0002/0583/1799.jpg,2023-05-26 15:02:04
104673120,1,https://avcdn.av.by/advertbig/0002/0583/1429.jpg,2023-05-26 15:02:04
104673120,2,https://avcdn.av.by/advertbig/0002/0583/1394.jpg,2023-05-26 15:02:04
104673120,3,https://avcdn.av.by/advertbig/0002/0583/1385.jpg,2023-05-26 15:02:04
104673120,4,https://avcdn.av.by/advertbig/0002/0583/1399.jpg,2023-05-26 15:02:04
104673120,5,https://avcdn.av.by/advertbig/0002/0583/1439.jpg,2023-05-26 15:02:04
104673120,6,https://avcdn.av.by/advertbig/0002/0583/1414.jpg,2023-05-26 15:02:04
104673120,7,https://avcdn.av.by/advertbig/0002/0583/1434.jpg,2023-05-26 15:02:04
104673120,8,https://avcdn.av.by/advertbig/0002/0583/1419.jpg,2023-05-26 15:02:04
104673120,9,https://avcdn.av.by/advertbig/0002/0583/1469.jpg,2023-05-26 15:02:04
104673120,10,https://avcdn.av.by/advertbig/0002/0583/1444.jpg,2023-05-26 15:02:04
104673120,11,https://avcdn.av.by/advertbig/0002/0583/1449.jpg,2023-05-26 15:02:04
104673120,12,https://avcdn.av.by/advertbig/0002/0583/1464.jpg,2023-05-26 15:02:04
104673120,13,https://avcdn.av.by/advertbig/0002/0583/1459.jpg,2023-05-26 15:02:04
104621634,1,https://avcdn.av.by/advertbig/0002/0397/8284.jpg,2023-05-26 15:02:05
104621634,2,https://avcdn.av.by/advertbig/0002/0398/1004.jpg,2023-05-26 15:02:05
104621634,3,https://avcdn.av.by/advertbig/0002/0398/1014.jpg,2023-05-26 15:02:05
104621634,4,https://avcdn.av.by/advertbig/0002/0398/1019.jpg,2023-05-26 15:02:05
104667181,1,https://avcdn.av.by/advertbig/0002/0564/4544.jpg,2023-05-26 15:02:05
104408441,1,https://avcdn.av.by/advertbig/0001/9765/6825.jpg,2023-05-26 15:02:05
104408441,2,https://avcdn.av.by/advertbig/0001/9765/6830.jpg,2023-05-26 15:02:05
104408441,3,https://avcdn.av.by/advertbig/0001/9765/6835.jpg,2023-05-26 15:02:05
104408441,4,https://avcdn.av.by/advertbig/0001/9765/6840.jpg,2023-05-26 15:02:05
104408441,5,https://avcdn.av.by/advertbig/0001/9765/6845.jpg,2023-05-26 15:02:05
104408441,6,https://avcdn.av.by/advertbig/0001/9765/6850.jpg,2023-05-26 15:02:05
104408545,1,https://avcdn.av.by/advertbig/0001/9766/4583.jpg,2023-05-26 15:02:06
104408545,2,https://avcdn.av.by/advertbig/0001/9766/4588.jpg,2023-05-26 15:02:06
104408545,3,https://avcdn.av.by/advertbig/0001/9766/4593.jpg,2023-05-26 15:02:06
104408545,4,https://avcdn.av.by/advertbig/0001/9766/4598.jpg,2023-05-26 15:02:06
104408545,5,https://avcdn.av.by/advertbig/0001/9766/4608.jpg,2023-05-26 15:02:06
104408545,6,https://avcdn.av.by/advertbig/0001/9766/4613.jpg,2023-05-26 15:02:06
104408434,1,https://avcdn.av.by/advertbig/0001/9765/6525.jpg,2023-05-26 15:02:07
104408434,2,https://avcdn.av.by/advertbig/0001/9765/6530.jpg,2023-05-26 15:02:07
104408434,3,https://avcdn.av.by/advertbig/0001/9765/6540.jpg,2023-05-26 15:02:07
104408434,4,https://avcdn.av.by/advertbig/0001/9765/6545.jpg,2023-05-26 15:02:07
104408434,5,https://avcdn.av.by/advertbig/0001/9765/6555.jpg,2023-05-26 15:02:07
104408434,6,https://avcdn.av.by/advertbig/0001/9765/6560.jpg,2023-05-26 15:02:07
104408434,7,https://avcdn.av.by/advertbig/0001/9765/6570.jpg,2023-05-26 15:02:07
104408434,8,https://avcdn.av.by/advertbig/0001/9765/6575.jpg,2023-05-26 15:02:07
104408451,1,https://avcdn.av.by/advertbig/0001/9765/7540.jpg,2023-05-26 15:02:07
104408451,2,https://avcdn.av.by/advertbig/0001/9765/7545.jpg,2023-05-26 15:02:07
104408451,3,https://avcdn.av.by/advertbig/0001/9765/7550.jpg,2023-05-26 15:02:07
104408451,4,https://avcdn.av.by/advertbig/0001/9765/7555.jpg,2023-05-26 15:02:07
104408451,5,https://avcdn.av.by/advertbig/0001/9765/7570.jpg,2023-05-26 15:02:07
104408451,6,https://avcdn.av.by/advertbig/0001/9765/7575.jpg,2023-05-26 15:02:07
104408451,7,https://avcdn.av.by/advertbig/0001/9765/7580.jpg,2023-05-26 15:02:07
104408451,8,https://avcdn.av.by/advertbig/0001/9765/7590.jpg,2023-05-26 15:02:07
104408460,1,https://avcdn.av.by/advertbig/0001/9765/8050.jpg,2023-05-26 15:02:08
104408460,2,https://avcdn.av.by/advertbig/0001/9765/8110.jpg,2023-05-26 15:02:08
104408460,3,https://avcdn.av.by/advertbig/0001/9765/8115.jpg,2023-05-26 15:02:08
104408460,4,https://avcdn.av.by/advertbig/0001/9765/8120.jpg,2023-05-26 15:02:08
104408460,5,https://avcdn.av.by/advertbig/0001/9765/8130.jpg,2023-05-26 15:02:08
104408460,6,https://avcdn.av.by/advertbig/0001/9765/8135.jpg,2023-05-26 15:02:08
104408460,7,https://avcdn.av.by/advertbig/0001/9765/8140.jpg,2023-05-26 15:02:08
104408460,8,https://avcdn.av.by/advertbig/0001/9765/8145.jpg,2023-05-26 15:02:08
104408464,1,https://avcdn.av.by/advertbig/0001/9765/8205.jpg,2023-05-26 15:02:08
104408464,2,https://avcdn.av.by/advertbig/0001/9765/8210.jpg,2023-05-26 15:02:08
104408464,3,https://avcdn.av.by/advertbig/0001/9765/8215.jpg,2023-05-26 15:02:08
104408464,4,https://avcdn.av.by/advertbig/0001/9765/8220.jpg,2023-05-26 15:02:08
104408464,5,https://avcdn.av.by/advertbig/0001/9765/8230.jpg,2023-05-26 15:02:08
104408464,6,https://avcdn.av.by/advertbig/0001/9765/8235.jpg,2023-05-26 15:02:08
104408464,7,https://avcdn.av.by/advertbig/0001/9765/8240.jpg,2023-05-26 15:02:08
104408464,8,https://avcdn.av.by/advertbig/0001/9765/8245.jpg,2023-05-26 15:02:08
104408448,1,https://avcdn.av.by/advertbig/0001/9765/7150.jpg,2023-05-26 15:02:09
104408448,2,https://avcdn.av.by/advertbig/0001/9765/7155.jpg,2023-05-26 15:02:09
104408448,3,https://avcdn.av.by/advertbig/0001/9765/7165.jpg,2023-05-26 15:02:09
104408448,4,https://avcdn.av.by/advertbig/0001/9765/7170.jpg,2023-05-26 15:02:09
104408448,5,https://avcdn.av.by/advertbig/0001/9765/7175.jpg,2023-05-26 15:02:09
104408448,6,https://avcdn.av.by/advertbig/0001/9765/7185.jpg,2023-05-26 15:02:09
104408448,7,https://avcdn.av.by/advertbig/0001/9765/7195.jpg,2023-05-26 15:02:09
104408448,8,https://avcdn.av.by/advertbig/0001/9765/7205.jpg,2023-05-26 15:02:09
101225600,1,https://avcdn.av.by/advertbig/0002/0260/5755.jpg,2023-05-26 15:02:09
101225600,2,https://avcdn.av.by/advertbig/0002/0260/5715.jpg,2023-05-26 15:02:09
101225600,3,https://avcdn.av.by/advertbig/0002/0260/5760.jpg,2023-05-26 15:02:09
101225600,4,https://avcdn.av.by/advertbig/0002/0260/5740.jpg,2023-05-26 15:02:09
101225600,5,https://avcdn.av.by/advertbig/0002/0260/5745.jpg,2023-05-26 15:02:09
101225600,6,https://avcdn.av.by/advertbig/0002/0260/5750.jpg,2023-05-26 15:02:09
101225600,7,https://avcdn.av.by/advertbig/0002/0260/5765.jpg,2023-05-26 15:02:09
101225600,8,https://avcdn.av.by/advertbig/0002/0260/5767.jpg,2023-05-26 15:02:09
101225600,9,https://avcdn.av.by/advertbig/0002/0260/5710.jpg,2023-05-26 15:02:09
101225600,10,https://avcdn.av.by/advertbig/0002/0260/5725.jpg,2023-05-26 15:02:09
101225600,11,https://avcdn.av.by/advertbig/0002/0260/5720.jpg,2023-05-26 15:02:09
101225600,12,https://avcdn.av.by/advertbig/0002/0260/5730.jpg,2023-05-26 15:02:09
101225600,13,https://avcdn.av.by/advertbig/0002/0260/5735.jpg,2023-05-26 15:02:09
101225600,14,https://avcdn.av.by/advertbig/0002/0260/5705.jpg,2023-05-26 15:02:09
101225600,15,https://avcdn.av.by/advertbig/0002/0260/5700.jpg,2023-05-26 15:02:09
104399957,1,https://avcdn.av.by/advertbig/0001/9740/7764.jpg,2023-05-26 15:02:10
104399957,2,https://avcdn.av.by/advertbig/0001/9740/7769.jpg,2023-05-26 15:02:10
104399957,3,https://avcdn.av.by/advertbig/0001/9740/7774.jpg,2023-05-26 15:02:10
104399957,4,https://avcdn.av.by/advertbig/0001/9740/7784.jpg,2023-05-26 15:02:10
104399957,5,https://avcdn.av.by/advertbig/0001/9740/7789.jpg,2023-05-26 15:02:10
104399957,6,https://avcdn.av.by/advertbig/0001/9740/7794.jpg,2023-05-26 15:02:10
104399985,1,https://avcdn.av.by/advertbig/0001/9741/0252.jpg,2023-05-26 15:02:10
104399985,2,https://avcdn.av.by/advertbig/0001/9741/0257.jpg,2023-05-26 15:02:10
104399985,3,https://avcdn.av.by/advertbig/0001/9741/0267.jpg,2023-05-26 15:02:10
104399985,4,https://avcdn.av.by/advertbig/0001/9741/0277.jpg,2023-05-26 15:02:10
104399985,5,https://avcdn.av.by/advertbig/0001/9741/0327.jpg,2023-05-26 15:02:10
104399985,6,https://avcdn.av.by/advertbig/0001/9741/0337.jpg,2023-05-26 15:02:10
104399963,1,https://avcdn.av.by/advertbig/0001/9740/8534.jpg,2023-05-26 15:02:12
104399963,2,https://avcdn.av.by/advertbig/0001/9740/8544.jpg,2023-05-26 15:02:12
104399963,3,https://avcdn.av.by/advertbig/0001/9740/8564.jpg,2023-05-26 15:02:12
104399963,4,https://avcdn.av.by/advertbig/0001/9740/8574.jpg,2023-05-26 15:02:12
104399963,5,https://avcdn.av.by/advertbig/0001/9740/8579.jpg,2023-05-26 15:02:12
104399963,6,https://avcdn.av.by/advertbig/0001/9740/8589.jpg,2023-05-26 15:02:12
104399655,1,https://avcdn.av.by/advertbig/0001/9738/4496.jpg,2023-05-26 15:02:12
104399655,2,https://avcdn.av.by/advertbig/0001/9738/4501.jpg,2023-05-26 15:02:12
104399655,3,https://avcdn.av.by/advertbig/0001/9738/4506.jpg,2023-05-26 15:02:12
104399655,4,https://avcdn.av.by/advertbig/0001/9738/4511.jpg,2023-05-26 15:02:12
104399655,5,https://avcdn.av.by/advertbig/0001/9738/4516.jpg,2023-05-26 15:02:12
104399655,6,https://avcdn.av.by/advertbig/0001/9738/4521.jpg,2023-05-26 15:02:12
104399959,1,https://avcdn.av.by/advertbig/0001/9740/8079.jpg,2023-05-26 15:02:13
104399959,2,https://avcdn.av.by/advertbig/0001/9740/8094.jpg,2023-05-26 15:02:13
104399959,3,https://avcdn.av.by/advertbig/0001/9740/8099.jpg,2023-05-26 15:02:13
104399959,4,https://avcdn.av.by/advertbig/0001/9740/8119.jpg,2023-05-26 15:02:13
104399959,5,https://avcdn.av.by/advertbig/0001/9740/8154.jpg,2023-05-26 15:02:13
104399959,6,https://avcdn.av.by/advertbig/0001/9740/8164.jpg,2023-05-26 15:02:13
104399659,1,https://avcdn.av.by/advertbig/0001/9738/4586.jpg,2023-05-26 15:02:13
104399659,2,https://avcdn.av.by/advertbig/0001/9738/4591.jpg,2023-05-26 15:02:13
104399659,3,https://avcdn.av.by/advertbig/0001/9738/4596.jpg,2023-05-26 15:02:13
104399659,4,https://avcdn.av.by/advertbig/0001/9738/4601.jpg,2023-05-26 15:02:13
104399659,5,https://avcdn.av.by/advertbig/0001/9738/4606.jpg,2023-05-26 15:02:13
104399659,6,https://avcdn.av.by/advertbig/0001/9738/4611.jpg,2023-05-26 15:02:13
104399659,7,https://avcdn.av.by/advertbig/0001/9738/4616.jpg,2023-05-26 15:02:13
104399659,8,https://avcdn.av.by/advertbig/0001/9738/4621.jpg,2023-05-26 15:02:13
104635254,1,https://avcdn.av.by/advertbig/0002/0465/7673.jpg,2023-05-26 15:02:14
104635254,2,https://avcdn.av.by/advertbig/0002/0465/7828.jpg,2023-05-26 15:02:14
104635254,3,https://avcdn.av.by/advertbig/0002/0465/7838.jpg,2023-05-26 15:02:14
104635254,4,https://avcdn.av.by/advertbig/0002/0465/7858.jpg,2023-05-26 15:02:14
104635254,5,https://avcdn.av.by/advertbig/0002/0465/7868.jpg,2023-05-26 15:02:14
104635254,6,https://avcdn.av.by/advertbig/0002/0465/7923.jpg,2023-05-26 15:02:14
104635254,7,https://avcdn.av.by/advertbig/0002/0465/7918.jpg,2023-05-26 15:02:14
104635254,8,https://avcdn.av.by/advertbig/0002/0465/7928.jpg,2023-05-26 15:02:14
104635254,9,https://avcdn.av.by/advertbig/0002/0465/8008.jpg,2023-05-26 15:02:14
104635254,10,https://avcdn.av.by/advertbig/0002/0465/8023.jpg,2023-05-26 15:02:14
104635254,11,https://avcdn.av.by/advertbig/0002/0465/8018.jpg,2023-05-26 15:02:14
104635254,12,https://avcdn.av.by/advertbig/0002/0465/8013.jpg,2023-05-26 15:02:14
104635254,13,https://avcdn.av.by/advertbig/0002/0465/8028.jpg,2023-05-26 15:02:14
104635254,14,https://avcdn.av.by/advertbig/0002/0465/8033.jpg,2023-05-26 15:02:14
104635254,15,https://avcdn.av.by/advertbig/0002/0465/8038.jpg,2023-05-26 15:02:14
104635254,16,https://avcdn.av.by/advertbig/0002/0465/8313.jpg,2023-05-26 15:02:14
104635254,17,https://avcdn.av.by/advertbig/0002/0465/8323.jpg,2023-05-26 15:02:14
104635254,18,https://avcdn.av.by/advertbig/0002/0465/8333.jpg,2023-05-26 15:02:14
104635254,19,https://avcdn.av.by/advertbig/0002/0465/8328.jpg,2023-05-26 15:02:14
104635254,20,https://avcdn.av.by/advertbig/0002/0465/8318.jpg,2023-05-26 15:02:14
104635254,21,https://avcdn.av.by/advertbig/0002/0465/8338.jpg,2023-05-26 15:02:14
104635254,22,https://avcdn.av.by/advertbig/0002/0465/8343.jpg,2023-05-26 15:02:14
104635254,23,https://avcdn.av.by/advertbig/0002/0465/8388.jpg,2023-05-26 15:02:14
104635254,24,https://avcdn.av.by/advertbig/0002/0465/8478.jpg,2023-05-26 15:02:14
104324135,1,https://avcdn.av.by/advertbig/0001/9464/3647.jpg,2023-05-26 15:02:14
104324135,2,https://avcdn.av.by/advertbig/0001/9464/3652.jpg,2023-05-26 15:02:14
104324135,3,https://avcdn.av.by/advertbig/0001/9464/3657.jpg,2023-05-26 15:02:14
104324135,4,https://avcdn.av.by/advertbig/0001/9464/3662.jpg,2023-05-26 15:02:14
104324135,5,https://avcdn.av.by/advertbig/0001/9464/3667.jpg,2023-05-26 15:02:14
104324135,6,https://avcdn.av.by/advertbig/0001/9464/3672.jpg,2023-05-26 15:02:14
104324135,7,https://avcdn.av.by/advertbig/0001/9464/3707.jpg,2023-05-26 15:02:14
104339543,1,https://avcdn.av.by/advertbig/0001/9505/0665.jpg,2023-05-26 15:02:15
104339543,2,https://avcdn.av.by/advertbig/0001/9505/0670.jpg,2023-05-26 15:02:15
104339543,3,https://avcdn.av.by/advertbig/0001/9505/0675.jpg,2023-05-26 15:02:15
104339543,4,https://avcdn.av.by/advertbig/0001/9505/0695.jpg,2023-05-26 15:02:15
104339546,1,https://avcdn.av.by/advertbig/0001/9505/0790.jpg,2023-05-26 15:02:15
104339546,2,https://avcdn.av.by/advertbig/0001/9505/0795.jpg,2023-05-26 15:02:15
104339546,3,https://avcdn.av.by/advertbig/0001/9505/0805.jpg,2023-05-26 15:02:15
104339546,4,https://avcdn.av.by/advertbig/0001/9505/0810.jpg,2023-05-26 15:02:15
104339540,1,https://avcdn.av.by/advertbig/0001/9505/0265.jpg,2023-05-26 15:02:16
104339540,2,https://avcdn.av.by/advertbig/0001/9505/0300.jpg,2023-05-26 15:02:16
104339540,3,https://avcdn.av.by/advertbig/0001/9505/0335.jpg,2023-05-26 15:02:16
104339540,4,https://avcdn.av.by/advertbig/0001/9505/0340.jpg,2023-05-26 15:02:16
104339540,5,https://avcdn.av.by/advertbig/0001/9505/0345.jpg,2023-05-26 15:02:16
104339540,6,https://avcdn.av.by/advertbig/0001/9505/0350.jpg,2023-05-26 15:02:16
104187872,1,https://avcdn.av.by/advertbig/0001/8983/6056.jpg,2023-05-26 15:02:16
104187872,2,https://avcdn.av.by/advertbig/0001/8983/6061.jpg,2023-05-26 15:02:16
104187872,3,https://avcdn.av.by/advertbig/0001/8983/6066.jpg,2023-05-26 15:02:16
104187872,4,https://avcdn.av.by/advertbig/0001/8983/6071.jpg,2023-05-26 15:02:16
104187872,5,https://avcdn.av.by/advertbig/0001/8983/6076.jpg,2023-05-26 15:02:16
104187872,6,https://avcdn.av.by/advertbig/0001/8983/6081.jpg,2023-05-26 15:02:16
104187872,7,https://avcdn.av.by/advertbig/0001/8983/6086.jpg,2023-05-26 15:02:16
104339533,1,https://avcdn.av.by/advertbig/0001/9504/9900.jpg,2023-05-26 15:02:17
104339533,2,https://avcdn.av.by/advertbig/0001/9504/9910.jpg,2023-05-26 15:02:17
104339533,3,https://avcdn.av.by/advertbig/0001/9504/9915.jpg,2023-05-26 15:02:17
104339533,4,https://avcdn.av.by/advertbig/0001/9504/9920.jpg,2023-05-26 15:02:17
104339533,5,https://avcdn.av.by/advertbig/0001/9504/9925.jpg,2023-05-26 15:02:17
104339533,6,https://avcdn.av.by/advertbig/0001/9504/9930.jpg,2023-05-26 15:02:17
104339547,1,https://avcdn.av.by/advertbig/0001/9505/0845.jpg,2023-05-26 15:02:18
104339547,2,https://avcdn.av.by/advertbig/0001/9505/0860.jpg,2023-05-26 15:02:18
104339547,3,https://avcdn.av.by/advertbig/0001/9505/0865.jpg,2023-05-26 15:02:18
104339547,4,https://avcdn.av.by/advertbig/0001/9505/0870.jpg,2023-05-26 15:02:18
104339552,1,https://avcdn.av.by/advertbig/0001/9505/1150.jpg,2023-05-26 15:02:18
104339552,2,https://avcdn.av.by/advertbig/0001/9505/1155.jpg,2023-05-26 15:02:18
104339552,3,https://avcdn.av.by/advertbig/0001/9505/1165.jpg,2023-05-26 15:02:18
104339552,4,https://avcdn.av.by/advertbig/0001/9505/1175.jpg,2023-05-26 15:02:18
104351447,1,https://avcdn.av.by/advertbig/0001/9546/8690.jpg,2023-05-26 15:02:19
104351447,2,https://avcdn.av.by/advertbig/0001/9546/8695.jpg,2023-05-26 15:02:19
104351447,3,https://avcdn.av.by/advertbig/0001/9546/8700.jpg,2023-05-26 15:02:19
104351447,4,https://avcdn.av.by/advertbig/0001/9546/8710.jpg,2023-05-26 15:02:19
104351447,5,https://avcdn.av.by/advertbig/0001/9546/8715.jpg,2023-05-26 15:02:19
104351447,6,https://avcdn.av.by/advertbig/0001/9546/8725.jpg,2023-05-26 15:02:19
104351455,1,https://avcdn.av.by/advertbig/0001/9546/9070.jpg,2023-05-26 15:02:20
104351455,2,https://avcdn.av.by/advertbig/0001/9546/9080.jpg,2023-05-26 15:02:20
104351455,3,https://avcdn.av.by/advertbig/0001/9546/9120.jpg,2023-05-26 15:02:20
104351455,4,https://avcdn.av.by/advertbig/0001/9546/9125.jpg,2023-05-26 15:02:20
104351455,5,https://avcdn.av.by/advertbig/0001/9546/9130.jpg,2023-05-26 15:02:20
104351455,6,https://avcdn.av.by/advertbig/0001/9546/9135.jpg,2023-05-26 15:02:20
104351455,7,https://avcdn.av.by/advertbig/0001/9546/9140.jpg,2023-05-26 15:02:20
104351455,8,https://avcdn.av.by/advertbig/0001/9546/9145.jpg,2023-05-26 15:02:20
104324219,1,https://avcdn.av.by/advertbig/0001/9465/0847.jpg,2023-05-26 15:02:21
104324219,2,https://avcdn.av.by/advertbig/0001/9465/0857.jpg,2023-05-26 15:02:21
104324219,3,https://avcdn.av.by/advertbig/0001/9465/0867.jpg,2023-05-26 15:02:21
104324219,4,https://avcdn.av.by/advertbig/0001/9465/0882.jpg,2023-05-26 15:02:21
104324219,5,https://avcdn.av.by/advertbig/0001/9465/0892.jpg,2023-05-26 15:02:21
104324219,6,https://avcdn.av.by/advertbig/0001/9465/0927.jpg,2023-05-26 15:02:21
104324219,7,https://avcdn.av.by/advertbig/0001/9465/0932.jpg,2023-05-26 15:02:21
104324101,1,https://avcdn.av.by/advertbig/0001/9464/1230.jpg,2023-05-26 15:02:21
104324101,2,https://avcdn.av.by/advertbig/0001/9464/1235.jpg,2023-05-26 15:02:21
104324101,3,https://avcdn.av.by/advertbig/0001/9464/1245.jpg,2023-05-26 15:02:21
104324101,4,https://avcdn.av.by/advertbig/0001/9464/1250.jpg,2023-05-26 15:02:21
104324096,1,https://avcdn.av.by/advertbig/0001/9464/1035.jpg,2023-05-26 15:02:21
104324096,2,https://avcdn.av.by/advertbig/0001/9464/1045.jpg,2023-05-26 15:02:21
104324096,3,https://avcdn.av.by/advertbig/0001/9464/1055.jpg,2023-05-26 15:02:21
104324096,4,https://avcdn.av.by/advertbig/0001/9464/1065.jpg,2023-05-26 15:02:21
104324096,5,https://avcdn.av.by/advertbig/0001/9464/1075.jpg,2023-05-26 15:02:21
104324096,6,https://avcdn.av.by/advertbig/0001/9464/1085.jpg,2023-05-26 15:02:21
104631312,1,https://avcdn.av.by/advertbig/0002/0438/2693.jpg,2023-05-26 15:02:22
104631312,2,https://avcdn.av.by/advertbig/0002/0438/2698.jpg,2023-05-26 15:02:22
104631312,3,https://avcdn.av.by/advertbig/0002/0438/2708.jpg,2023-05-26 15:02:22
104631312,4,https://avcdn.av.by/advertbig/0002/0438/2713.jpg,2023-05-26 15:02:22
104631312,5,https://avcdn.av.by/advertbig/0002/0438/2718.jpg,2023-05-26 15:02:22
104631312,6,https://avcdn.av.by/advertbig/0002/0438/2723.jpg,2023-05-26 15:02:22
104631312,7,https://avcdn.av.by/advertbig/0002/0438/2733.jpg,2023-05-26 15:02:22
104631312,8,https://avcdn.av.by/advertbig/0002/0438/2738.jpg,2023-05-26 15:02:22
104629672,1,https://avcdn.av.by/advertbig/0002/0430/3179.jpg,2023-05-26 15:02:22
104629672,2,https://avcdn.av.by/advertbig/0002/0430/3184.jpg,2023-05-26 15:02:22
104629672,3,https://avcdn.av.by/advertbig/0002/0430/3199.jpg,2023-05-26 15:02:22
104629672,4,https://avcdn.av.by/advertbig/0002/0430/3204.jpg,2023-05-26 15:02:22
104629672,5,https://avcdn.av.by/advertbig/0002/0430/3209.jpg,2023-05-26 15:02:22
104629672,6,https://avcdn.av.by/advertbig/0002/0430/3214.jpg,2023-05-26 15:02:22
104629670,1,https://avcdn.av.by/advertbig/0002/0430/3179.jpg,2023-05-26 15:02:23
104629670,2,https://avcdn.av.by/advertbig/0002/0430/3184.jpg,2023-05-26 15:02:23
104629670,3,https://avcdn.av.by/advertbig/0002/0430/3199.jpg,2023-05-26 15:02:23
104629670,4,https://avcdn.av.by/advertbig/0002/0430/3204.jpg,2023-05-26 15:02:23
104629670,5,https://avcdn.av.by/advertbig/0002/0430/3209.jpg,2023-05-26 15:02:23
104629670,6,https://avcdn.av.by/advertbig/0002/0430/3214.jpg,2023-05-26 15:02:23
104629667,1,https://avcdn.av.by/advertbig/0002/0430/3109.jpg,2023-05-26 15:02:23
104629667,2,https://avcdn.av.by/advertbig/0002/0430/3114.jpg,2023-05-26 15:02:23
104629667,3,https://avcdn.av.by/advertbig/0002/0430/3124.jpg,2023-05-26 15:02:23
104629667,4,https://avcdn.av.by/advertbig/0002/0430/3159.jpg,2023-05-26 15:02:23
104629667,5,https://avcdn.av.by/advertbig/0002/0430/3164.jpg,2023-05-26 15:02:23
104629667,6,https://avcdn.av.by/advertbig/0002/0430/3169.jpg,2023-05-26 15:02:23
104629663,1,https://avcdn.av.by/advertbig/0002/0430/2719.jpg,2023-05-26 15:02:24
104629663,2,https://avcdn.av.by/advertbig/0002/0430/2734.jpg,2023-05-26 15:02:24
104629663,3,https://avcdn.av.by/advertbig/0002/0430/2739.jpg,2023-05-26 15:02:24
104629663,4,https://avcdn.av.by/advertbig/0002/0430/2749.jpg,2023-05-26 15:02:24
104629663,5,https://avcdn.av.by/advertbig/0002/0430/2754.jpg,2023-05-26 15:02:24
104629663,6,https://avcdn.av.by/advertbig/0002/0430/2759.jpg,2023-05-26 15:02:24
104629659,1,https://avcdn.av.by/advertbig/0002/0430/2354.jpg,2023-05-26 15:02:24
104629659,2,https://avcdn.av.by/advertbig/0002/0430/2359.jpg,2023-05-26 15:02:24
104629659,3,https://avcdn.av.by/advertbig/0002/0430/2364.jpg,2023-05-26 15:02:24
104629659,4,https://avcdn.av.by/advertbig/0002/0430/2369.jpg,2023-05-26 15:02:24
104629659,5,https://avcdn.av.by/advertbig/0002/0430/2374.jpg,2023-05-26 15:02:24
104629659,6,https://avcdn.av.by/advertbig/0002/0430/2379.jpg,2023-05-26 15:02:24
104629657,1,https://avcdn.av.by/advertbig/0002/0430/2254.jpg,2023-05-26 15:02:25
104629657,2,https://avcdn.av.by/advertbig/0002/0430/2259.jpg,2023-05-26 15:02:25
104629657,3,https://avcdn.av.by/advertbig/0002/0430/2264.jpg,2023-05-26 15:02:25
104629657,4,https://avcdn.av.by/advertbig/0002/0430/2269.jpg,2023-05-26 15:02:25
104629657,5,https://avcdn.av.by/advertbig/0002/0430/2274.jpg,2023-05-26 15:02:25
104629657,6,https://avcdn.av.by/advertbig/0002/0430/2289.jpg,2023-05-26 15:02:25
104617808,1,https://avcdn.av.by/advertbig/0002/0396/1839.jpg,2023-05-26 15:02:25
104617808,2,https://avcdn.av.by/advertbig/0002/0396/1834.jpg,2023-05-26 15:02:25
104617808,3,https://avcdn.av.by/advertbig/0002/0396/1949.jpg,2023-05-26 15:02:25
104617808,4,https://avcdn.av.by/advertbig/0002/0396/1929.jpg,2023-05-26 15:02:25
104617808,5,https://avcdn.av.by/advertbig/0002/0396/1934.jpg,2023-05-26 15:02:25
104617808,6,https://avcdn.av.by/advertbig/0002/0396/1944.jpg,2023-05-26 15:02:25
104617808,7,https://avcdn.av.by/advertbig/0002/0396/1889.jpg,2023-05-26 15:02:25
104617808,8,https://avcdn.av.by/advertbig/0002/0396/1899.jpg,2023-05-26 15:02:25
104617808,9,https://avcdn.av.by/advertbig/0002/0396/1909.jpg,2023-05-26 15:02:25
104617808,10,https://avcdn.av.by/advertbig/0002/0396/1939.jpg,2023-05-26 15:02:25
104617808,11,https://avcdn.av.by/advertbig/0002/0396/1904.jpg,2023-05-26 15:02:25
104617808,12,https://avcdn.av.by/advertbig/0002/0396/1924.jpg,2023-05-26 15:02:25
104617808,13,https://avcdn.av.by/advertbig/0002/0396/1844.jpg,2023-05-26 15:02:25
104617611,1,https://avcdn.av.by/advertbig/0002/0394/9047.jpg,2023-05-26 15:02:26
104617611,2,https://avcdn.av.by/advertbig/0002/0395/6144.jpg,2023-05-26 15:02:26
104617611,3,https://avcdn.av.by/advertbig/0002/0395/6439.jpg,2023-05-26 15:02:26
104617611,4,https://avcdn.av.by/advertbig/0002/0395/6824.jpg,2023-05-26 15:02:26
104535017,1,https://avcdn.av.by/advertbig/0002/0128/5129.jpg,2023-05-26 15:02:26
104535017,2,https://avcdn.av.by/advertbig/0002/0128/5154.jpg,2023-05-26 15:02:26
104535017,3,https://avcdn.av.by/advertbig/0002/0128/5219.jpg,2023-05-26 15:02:26
104535017,4,https://avcdn.av.by/advertbig/0002/0128/5239.jpg,2023-05-26 15:02:26
104535017,5,https://avcdn.av.by/advertbig/0002/0128/5339.jpg,2023-05-26 15:02:26
104314401,1,https://avcdn.av.by/advertbig/0001/9684/9192.jpg,2023-05-26 15:02:27
104314401,2,https://avcdn.av.by/advertbig/0001/9660/9287.jpg,2023-05-26 15:02:27
104314401,3,https://avcdn.av.by/advertbig/0001/9660/9282.jpg,2023-05-26 15:02:27
104314401,4,https://avcdn.av.by/advertbig/0001/9660/9312.jpg,2023-05-26 15:02:27
104314401,5,https://avcdn.av.by/advertbig/0001/9660/9302.jpg,2023-05-26 15:02:27
104314401,6,https://avcdn.av.by/advertbig/0001/9660/9317.jpg,2023-05-26 15:02:27
104314401,7,https://avcdn.av.by/advertbig/0001/9660/9322.jpg,2023-05-26 15:02:27
104314401,8,https://avcdn.av.by/advertbig/0001/9660/9307.jpg,2023-05-26 15:02:27
104314401,9,https://avcdn.av.by/advertbig/0001/9660/9297.jpg,2023-05-26 15:02:27
104314401,10,https://avcdn.av.by/advertbig/0001/9684/9182.jpg,2023-05-26 15:02:27
104314401,11,https://avcdn.av.by/advertbig/0001/9684/9187.jpg,2023-05-26 15:02:27
104314401,12,https://avcdn.av.by/advertbig/0001/9684/8887.jpg,2023-05-26 15:02:27
104314401,13,https://avcdn.av.by/advertbig/0001/9684/9177.jpg,2023-05-26 15:02:27
104349950,1,https://avcdn.av.by/advertbig/0001/9545/1224.jpg,2023-05-26 15:02:27
104349950,2,https://avcdn.av.by/advertbig/0001/9545/1209.jpg,2023-05-26 15:02:27
104349950,3,https://avcdn.av.by/advertbig/0001/9545/1204.jpg,2023-05-26 15:02:27
104349950,4,https://avcdn.av.by/advertbig/0001/9545/1219.jpg,2023-05-26 15:02:27
104349950,5,https://avcdn.av.by/advertbig/0001/9545/1214.jpg,2023-05-26 15:02:27
104349950,6,https://avcdn.av.by/advertbig/0001/9545/1229.jpg,2023-05-26 15:02:27
104349950,7,https://avcdn.av.by/advertbig/0001/9545/1234.jpg,2023-05-26 15:02:27
101948283,1,https://avcdn.av.by/advertbig/0001/8990/1480.jpg,2023-05-26 15:02:28
101948283,2,https://avcdn.av.by/advertbig/0001/8990/1490.jpg,2023-05-26 15:02:28
101948283,3,https://avcdn.av.by/advertbig/0001/8990/1485.jpg,2023-05-26 15:02:28
101948283,4,https://avcdn.av.by/advertbig/0001/8990/1675.jpg,2023-05-26 15:02:28
100706096,1,https://avcdn.av.by/advertbig/0001/7977/2522.png,2023-05-26 15:02:28
100706096,2,https://avcdn.av.by/advertbig/0001/7977/2672.png,2023-05-26 15:02:28
100706096,3,https://avcdn.av.by/advertbig/0001/7977/2632.png,2023-05-26 15:02:28
100706096,4,https://avcdn.av.by/advertbig/0001/7977/2667.png,2023-05-26 15:02:28
104052724,1,https://avcdn.av.by/advertbig/0001/8706/1271.jpg,2023-05-26 15:02:29
104052724,2,https://avcdn.av.by/advertbig/0001/8706/1236.jpg,2023-05-26 15:02:29
104052724,3,https://avcdn.av.by/advertbig/0001/8706/1231.jpg,2023-05-26 15:02:29
104052724,4,https://avcdn.av.by/advertbig/0001/8706/1261.jpg,2023-05-26 15:02:29
104052724,5,https://avcdn.av.by/advertbig/0001/8706/1266.jpg,2023-05-26 15:02:29
104052724,6,https://avcdn.av.by/advertbig/0001/8706/1256.jpg,2023-05-26 15:02:29
104052724,7,https://avcdn.av.by/advertbig/0001/8706/1246.jpg,2023-05-26 15:02:29
104052724,8,https://avcdn.av.by/advertbig/0001/8706/1241.jpg,2023-05-26 15:02:29
104052724,9,https://avcdn.av.by/advertbig/0001/8706/1251.jpg,2023-05-26 15:02:29
104673843,1,https://avcdn.av.by/advertbig/0002/0588/7312.jpg,2023-05-26 15:02:30
104673843,2,https://avcdn.av.by/advertbig/0002/0588/7297.jpg,2023-05-26 15:02:30
104673843,3,https://avcdn.av.by/advertbig/0002/0588/7357.jpg,2023-05-26 15:02:30
104673843,4,https://avcdn.av.by/advertbig/0002/0588/7352.jpg,2023-05-26 15:02:30
104673843,5,https://avcdn.av.by/advertbig/0002/0588/7342.jpg,2023-05-26 15:02:30
104673843,6,https://avcdn.av.by/advertbig/0002/0588/7347.jpg,2023-05-26 15:02:30
104673843,7,https://avcdn.av.by/advertbig/0002/0588/7337.jpg,2023-05-26 15:02:30
100844309,1,https://avcdn.av.by/advertbig/0002/0279/8950.jpg,2023-05-26 15:02:31
100844309,2,https://avcdn.av.by/advertbig/0002/0279/9310.jpg,2023-05-26 15:02:31
100844309,3,https://avcdn.av.by/advertbig/0002/0279/9400.jpg,2023-05-26 15:02:31
100844309,4,https://avcdn.av.by/advertbig/0002/0279/9670.jpg,2023-05-26 15:02:31
100844309,5,https://avcdn.av.by/advertbig/0002/0279/9750.jpg,2023-05-26 15:02:31
100844309,6,https://avcdn.av.by/advertbig/0002/0279/9950.jpg,2023-05-26 15:02:31
100844309,7,https://avcdn.av.by/advertbig/0002/0280/0085.jpg,2023-05-26 15:02:31
104277476,1,https://avcdn.av.by/advertbig/0001/9835/5080.jpg,2023-05-26 15:02:31
104277476,2,https://avcdn.av.by/advertbig/0001/9835/5110.jpg,2023-05-26 15:02:31
104277476,3,https://avcdn.av.by/advertbig/0001/9835/5095.jpg,2023-05-26 15:02:31
104277476,4,https://avcdn.av.by/advertbig/0001/9835/5100.jpg,2023-05-26 15:02:31
104277476,5,https://avcdn.av.by/advertbig/0001/9835/5105.jpg,2023-05-26 15:02:31
104277476,6,https://avcdn.av.by/advertbig/0001/9835/5055.jpg,2023-05-26 15:02:31
104277476,7,https://avcdn.av.by/advertbig/0001/9835/5040.jpg,2023-05-26 15:02:31
104277476,8,https://avcdn.av.by/advertbig/0001/9835/5090.jpg,2023-05-26 15:02:31
104277476,9,https://avcdn.av.by/advertbig/0001/9835/5075.jpg,2023-05-26 15:02:31
104673134,1,https://avcdn.av.by/advertbig/0002/0583/2139.jpg,2023-05-26 15:02:32
104673134,2,https://avcdn.av.by/advertbig/0002/0583/2059.jpg,2023-05-26 15:02:32
104673134,3,https://avcdn.av.by/advertbig/0002/0583/2069.jpg,2023-05-26 15:02:32
104673134,4,https://avcdn.av.by/advertbig/0002/0583/2079.jpg,2023-05-26 15:02:32
104673134,5,https://avcdn.av.by/advertbig/0002/0583/2094.jpg,2023-05-26 15:02:32
104673134,6,https://avcdn.av.by/advertbig/0002/0583/2099.jpg,2023-05-26 15:02:32
104673134,7,https://avcdn.av.by/advertbig/0002/0583/2064.jpg,2023-05-26 15:02:32
104673134,8,https://avcdn.av.by/advertbig/0002/0583/2074.jpg,2023-05-26 15:02:32
104673134,9,https://avcdn.av.by/advertbig/0002/0583/2089.jpg,2023-05-26 15:02:32
104673134,10,https://avcdn.av.by/advertbig/0002/0583/2084.jpg,2023-05-26 15:02:32
104673134,11,https://avcdn.av.by/advertbig/0002/0583/2124.jpg,2023-05-26 15:02:32
104673134,12,https://avcdn.av.by/advertbig/0002/0583/2104.jpg,2023-05-26 15:02:32
104673134,13,https://avcdn.av.by/advertbig/0002/0583/2129.jpg,2023-05-26 15:02:32
104673134,14,https://avcdn.av.by/advertbig/0002/0583/2114.jpg,2023-05-26 15:02:32
104673134,15,https://avcdn.av.by/advertbig/0002/0583/2149.jpg,2023-05-26 15:02:32
104673134,16,https://avcdn.av.by/advertbig/0002/0583/2109.jpg,2023-05-26 15:02:32
104673134,17,https://avcdn.av.by/advertbig/0002/0583/2144.jpg,2023-05-26 15:02:32
104673134,18,https://avcdn.av.by/advertbig/0002/0583/2119.jpg,2023-05-26 15:02:32
104673134,19,https://avcdn.av.by/advertbig/0002/0583/2134.jpg,2023-05-26 15:02:32
104673134,20,https://avcdn.av.by/advertbig/0002/0583/2164.jpg,2023-05-26 15:02:32
104673134,21,https://avcdn.av.by/advertbig/0002/0583/2154.jpg,2023-05-26 15:02:32
104673134,22,https://avcdn.av.by/advertbig/0002/0583/2159.jpg,2023-05-26 15:02:32
104618512,1,https://avcdn.av.by/advertbig/0002/0388/0889.jpg,2023-05-26 15:02:32
104618512,2,https://avcdn.av.by/advertbig/0002/0388/0894.jpg,2023-05-26 15:02:32
104618512,3,https://avcdn.av.by/advertbig/0002/0388/0899.jpg,2023-05-26 15:02:32
104618512,4,https://avcdn.av.by/advertbig/0002/0388/1009.jpg,2023-05-26 15:02:32
104618512,5,https://avcdn.av.by/advertbig/0002/0388/1014.jpg,2023-05-26 15:02:32
104618512,6,https://avcdn.av.by/advertbig/0002/0388/1029.jpg,2023-05-26 15:02:32
104618512,7,https://avcdn.av.by/advertbig/0002/0442/0743.jpg,2023-05-26 15:02:32
104618512,8,https://avcdn.av.by/advertbig/0002/0442/0748.jpg,2023-05-26 15:02:32
104618512,9,https://avcdn.av.by/advertbig/0002/0442/1723.jpg,2023-05-26 15:02:32
104321931,1,https://avcdn.av.by/advertbig/0001/9452/5364.jpg,2023-05-26 15:02:33
104321931,2,https://avcdn.av.by/advertbig/0001/9452/5384.jpg,2023-05-26 15:02:33
104321931,3,https://avcdn.av.by/advertbig/0001/9452/5484.jpg,2023-05-26 15:02:33
104321931,4,https://avcdn.av.by/advertbig/0001/9452/5494.jpg,2023-05-26 15:02:33
104321931,5,https://avcdn.av.by/advertbig/0001/9452/5509.jpg,2023-05-26 15:02:33
104321931,6,https://avcdn.av.by/advertbig/0001/9452/5499.jpg,2023-05-26 15:02:33
104321931,7,https://avcdn.av.by/advertbig/0001/9452/5504.jpg,2023-05-26 15:02:33
104321931,8,https://avcdn.av.by/advertbig/0001/9452/5574.jpg,2023-05-26 15:02:33
104321931,9,https://avcdn.av.by/advertbig/0001/9452/5634.jpg,2023-05-26 15:02:33
104321931,10,https://avcdn.av.by/advertbig/0001/9452/5679.jpg,2023-05-26 15:02:33
104321931,11,https://avcdn.av.by/advertbig/0001/9452/5684.jpg,2023-05-26 15:02:33
104321931,12,https://avcdn.av.by/advertbig/0001/9452/5689.jpg,2023-05-26 15:02:33
104321931,13,https://avcdn.av.by/advertbig/0001/9452/5694.jpg,2023-05-26 15:02:33
104321931,14,https://avcdn.av.by/advertbig/0001/9452/5714.jpg,2023-05-26 15:02:33
104321931,15,https://avcdn.av.by/advertbig/0001/9452/5754.jpg,2023-05-26 15:02:33
104321931,16,https://avcdn.av.by/advertbig/0001/9452/5779.jpg,2023-05-26 15:02:33
104321931,17,https://avcdn.av.by/advertbig/0001/9452/5819.jpg,2023-05-26 15:02:33
104321931,18,https://avcdn.av.by/advertbig/0001/9452/5824.jpg,2023-05-26 15:02:33
104321931,19,https://avcdn.av.by/advertbig/0001/9452/5834.jpg,2023-05-26 15:02:33
104321931,20,https://avcdn.av.by/advertbig/0001/9452/5839.jpg,2023-05-26 15:02:33
104321931,21,https://avcdn.av.by/advertbig/0001/9452/5844.jpg,2023-05-26 15:02:33
104321931,22,https://avcdn.av.by/advertbig/0001/9452/5849.jpg,2023-05-26 15:02:33
104321931,23,https://avcdn.av.by/advertbig/0001/9452/5859.jpg,2023-05-26 15:02:33
104321931,24,https://avcdn.av.by/advertbig/0001/9452/5864.jpg,2023-05-26 15:02:33
104321931,25,https://avcdn.av.by/advertbig/0001/9452/5869.jpg,2023-05-26 15:02:33
104321931,26,https://avcdn.av.by/advertbig/0001/9452/5874.jpg,2023-05-26 15:02:33
104321931,27,https://avcdn.av.by/advertbig/0001/9452/5924.jpg,2023-05-26 15:02:33
104321931,28,https://avcdn.av.by/advertbig/0001/9452/5949.jpg,2023-05-26 15:02:33
104321931,29,https://avcdn.av.by/advertbig/0001/9452/5954.jpg,2023-05-26 15:02:33
104321931,30,https://avcdn.av.by/advertbig/0001/9452/5959.jpg,2023-05-26 15:02:33
104408471,1,https://avcdn.av.by/advertbig/0001/9765/8673.jpg,2023-05-26 15:02:33
104408471,2,https://avcdn.av.by/advertbig/0001/9765/8678.jpg,2023-05-26 15:02:33
104408471,3,https://avcdn.av.by/advertbig/0001/9765/8683.jpg,2023-05-26 15:02:33
104408471,4,https://avcdn.av.by/advertbig/0001/9765/8688.jpg,2023-05-26 15:02:33
104408471,5,https://avcdn.av.by/advertbig/0001/9765/8703.jpg,2023-05-26 15:02:33
104408471,6,https://avcdn.av.by/advertbig/0001/9765/8848.jpg,2023-05-26 15:02:33
104408471,7,https://avcdn.av.by/advertbig/0001/9765/8858.jpg,2023-05-26 15:02:33
104408471,8,https://avcdn.av.by/advertbig/0001/9765/8873.jpg,2023-05-26 15:02:33
104408471,9,https://avcdn.av.by/advertbig/0001/9765/8878.jpg,2023-05-26 15:02:33
104408471,10,https://avcdn.av.by/advertbig/0001/9765/8883.jpg,2023-05-26 15:02:33
104322368,1,https://avcdn.av.by/advertbig/0001/9455/1459.jpg,2023-05-26 15:02:34
104322368,2,https://avcdn.av.by/advertbig/0001/9455/1614.jpg,2023-05-26 15:02:34
104322368,3,https://avcdn.av.by/advertbig/0001/9455/1619.jpg,2023-05-26 15:02:34
104322368,4,https://avcdn.av.by/advertbig/0001/9455/1624.jpg,2023-05-26 15:02:34
104322368,5,https://avcdn.av.by/advertbig/0001/9455/1629.jpg,2023-05-26 15:02:34
104322368,6,https://avcdn.av.by/advertbig/0001/9455/1639.jpg,2023-05-26 15:02:34
104322368,7,https://avcdn.av.by/advertbig/0001/9455/1644.jpg,2023-05-26 15:02:34
104322368,8,https://avcdn.av.by/advertbig/0001/9455/1649.jpg,2023-05-26 15:02:34
104322368,9,https://avcdn.av.by/advertbig/0001/9455/1684.jpg,2023-05-26 15:02:34
104322368,10,https://avcdn.av.by/advertbig/0001/9455/1699.jpg,2023-05-26 15:02:34
104322368,11,https://avcdn.av.by/advertbig/0001/9455/1719.jpg,2023-05-26 15:02:34
104322368,12,https://avcdn.av.by/advertbig/0001/9455/1724.jpg,2023-05-26 15:02:34
104322368,13,https://avcdn.av.by/advertbig/0001/9455/1739.jpg,2023-05-26 15:02:34
104322368,14,https://avcdn.av.by/advertbig/0001/9455/1759.jpg,2023-05-26 15:02:34
104322368,15,https://avcdn.av.by/advertbig/0001/9455/1779.jpg,2023-05-26 15:02:34
104322368,16,https://avcdn.av.by/advertbig/0001/9455/1794.jpg,2023-05-26 15:02:34
104322368,17,https://avcdn.av.by/advertbig/0001/9455/1799.jpg,2023-05-26 15:02:34
104322368,18,https://avcdn.av.by/advertbig/0001/9455/1804.jpg,2023-05-26 15:02:34
104322368,19,https://avcdn.av.by/advertbig/0001/9455/1809.jpg,2023-05-26 15:02:34
104322368,20,https://avcdn.av.by/advertbig/0001/9455/1814.jpg,2023-05-26 15:02:34
104322368,21,https://avcdn.av.by/advertbig/0001/9455/1819.jpg,2023-05-26 15:02:34
104322368,22,https://avcdn.av.by/advertbig/0001/9455/1824.jpg,2023-05-26 15:02:34
104322368,23,https://avcdn.av.by/advertbig/0001/9455/1829.jpg,2023-05-26 15:02:34
104322368,24,https://avcdn.av.by/advertbig/0001/9455/1834.jpg,2023-05-26 15:02:34
104322368,25,https://avcdn.av.by/advertbig/0001/9455/1839.jpg,2023-05-26 15:02:34
104322368,26,https://avcdn.av.by/advertbig/0001/9455/1849.jpg,2023-05-26 15:02:34
104322368,27,https://avcdn.av.by/advertbig/0001/9455/1854.jpg,2023-05-26 15:02:34
104646778,1,https://avcdn.av.by/advertbig/0002/0498/1320.jpg,2023-05-26 15:02:34
104646778,2,https://avcdn.av.by/advertbig/0002/0498/1290.jpg,2023-05-26 15:02:34
104646778,3,https://avcdn.av.by/advertbig/0002/0498/1305.jpg,2023-05-26 15:02:34
104646778,4,https://avcdn.av.by/advertbig/0002/0498/1310.jpg,2023-05-26 15:02:34
104646778,5,https://avcdn.av.by/advertbig/0002/0498/1265.jpg,2023-05-26 15:02:34
104646778,6,https://avcdn.av.by/advertbig/0002/0498/1282.jpg,2023-05-26 15:02:34
104646778,7,https://avcdn.av.by/advertbig/0002/0498/1250.jpg,2023-05-26 15:02:34
104646778,8,https://avcdn.av.by/advertbig/0002/0498/1295.jpg,2023-05-26 15:02:34
104646778,9,https://avcdn.av.by/advertbig/0002/0498/1281.jpg,2023-05-26 15:02:34
104646778,10,https://avcdn.av.by/advertbig/0002/0498/1315.jpg,2023-05-26 15:02:34
104646778,11,https://avcdn.av.by/advertbig/0002/0498/1275.jpg,2023-05-26 15:02:34
104646778,12,https://avcdn.av.by/advertbig/0002/0498/1255.jpg,2023-05-26 15:02:34
104646778,13,https://avcdn.av.by/advertbig/0002/0498/1300.jpg,2023-05-26 15:02:34
104646778,14,https://avcdn.av.by/advertbig/0002/0498/1270.jpg,2023-05-26 15:02:34
104646778,15,https://avcdn.av.by/advertbig/0002/0498/1260.jpg,2023-05-26 15:02:34
104646764,1,https://avcdn.av.by/advertbig/0002/0497/9875.jpg,2023-05-26 15:02:35
104646764,2,https://avcdn.av.by/advertbig/0002/0497/9815.jpg,2023-05-26 15:02:35
104646764,3,https://avcdn.av.by/advertbig/0002/0497/9800.jpg,2023-05-26 15:02:35
104646764,4,https://avcdn.av.by/advertbig/0002/0497/9805.jpg,2023-05-26 15:02:35
104646764,5,https://avcdn.av.by/advertbig/0002/0497/9822.jpg,2023-05-26 15:02:35
104646764,6,https://avcdn.av.by/advertbig/0002/0497/9856.jpg,2023-05-26 15:02:35
104646764,7,https://avcdn.av.by/advertbig/0002/0497/9885.jpg,2023-05-26 15:02:35
104646764,8,https://avcdn.av.by/advertbig/0002/0497/9845.jpg,2023-05-26 15:02:35
104646764,9,https://avcdn.av.by/advertbig/0002/0497/9878.jpg,2023-05-26 15:02:35
104646764,10,https://avcdn.av.by/advertbig/0002/0497/9871.jpg,2023-05-26 15:02:35
104646764,11,https://avcdn.av.by/advertbig/0002/0497/9850.jpg,2023-05-26 15:02:35
104646764,12,https://avcdn.av.by/advertbig/0002/0497/9865.jpg,2023-05-26 15:02:35
104646764,13,https://avcdn.av.by/advertbig/0002/0497/9858.jpg,2023-05-26 15:02:35
104646764,14,https://avcdn.av.by/advertbig/0002/0497/9810.jpg,2023-05-26 15:02:35
104646764,15,https://avcdn.av.by/advertbig/0002/0497/9821.jpg,2023-05-26 15:02:35
104646764,16,https://avcdn.av.by/advertbig/0002/0497/9830.jpg,2023-05-26 15:02:35
104646764,17,https://avcdn.av.by/advertbig/0002/0497/9834.jpg,2023-05-26 15:02:35
104646764,18,https://avcdn.av.by/advertbig/0002/0497/9840.jpg,2023-05-26 15:02:35
104646713,1,https://avcdn.av.by/advertbig/0002/0497/5285.jpg,2023-05-26 15:02:35
104646713,2,https://avcdn.av.by/advertbig/0002/0497/5245.jpg,2023-05-26 15:02:35
104646713,3,https://avcdn.av.by/advertbig/0002/0497/5240.jpg,2023-05-26 15:02:35
104646713,4,https://avcdn.av.by/advertbig/0002/0497/5270.jpg,2023-05-26 15:02:35
104646713,5,https://avcdn.av.by/advertbig/0002/0497/5260.jpg,2023-05-26 15:02:35
104646713,6,https://avcdn.av.by/advertbig/0002/0497/5230.jpg,2023-05-26 15:02:35
104646713,7,https://avcdn.av.by/advertbig/0002/0497/5300.jpg,2023-05-26 15:02:35
104646713,8,https://avcdn.av.by/advertbig/0002/0497/5275.jpg,2023-05-26 15:02:35
104646713,9,https://avcdn.av.by/advertbig/0002/0497/5265.jpg,2023-05-26 15:02:35
104646713,10,https://avcdn.av.by/advertbig/0002/0497/5320.jpg,2023-05-26 15:02:35
104646713,11,https://avcdn.av.by/advertbig/0002/0497/5307.jpg,2023-05-26 15:02:35
104646713,12,https://avcdn.av.by/advertbig/0002/0497/5315.jpg,2023-05-26 15:02:35
104646713,13,https://avcdn.av.by/advertbig/0002/0497/5295.jpg,2023-05-26 15:02:35
104646713,14,https://avcdn.av.by/advertbig/0002/0497/5250.jpg,2023-05-26 15:02:35
104646713,15,https://avcdn.av.by/advertbig/0002/0497/5290.jpg,2023-05-26 15:02:35
104646713,16,https://avcdn.av.by/advertbig/0002/0497/5235.jpg,2023-05-26 15:02:35
104646713,17,https://avcdn.av.by/advertbig/0002/0497/5280.jpg,2023-05-26 15:02:35
104646713,18,https://avcdn.av.by/advertbig/0002/0497/5255.jpg,2023-05-26 15:02:35
104646713,19,https://avcdn.av.by/advertbig/0002/0497/5302.jpg,2023-05-26 15:02:35
104646713,20,https://avcdn.av.by/advertbig/0002/0497/5330.jpg,2023-05-26 15:02:35
104646713,21,https://avcdn.av.by/advertbig/0002/0497/5324.jpg,2023-05-26 15:02:35
104646691,1,https://avcdn.av.by/advertbig/0002/0497/3960.jpg,2023-05-26 15:02:36
104646691,2,https://avcdn.av.by/advertbig/0002/0497/3910.jpg,2023-05-26 15:02:36
104646691,3,https://avcdn.av.by/advertbig/0002/0497/3925.jpg,2023-05-26 15:02:36
104646691,4,https://avcdn.av.by/advertbig/0002/0497/3955.jpg,2023-05-26 15:02:36
104646691,5,https://avcdn.av.by/advertbig/0002/0497/3940.jpg,2023-05-26 15:02:36
104646691,6,https://avcdn.av.by/advertbig/0002/0497/3990.jpg,2023-05-26 15:02:36
104646691,7,https://avcdn.av.by/advertbig/0002/0497/3980.jpg,2023-05-26 15:02:36
104646691,8,https://avcdn.av.by/advertbig/0002/0497/3964.jpg,2023-05-26 15:02:36
104646691,9,https://avcdn.av.by/advertbig/0002/0497/3970.jpg,2023-05-26 15:02:36
104646691,10,https://avcdn.av.by/advertbig/0002/0497/4000.jpg,2023-05-26 15:02:36
104646691,11,https://avcdn.av.by/advertbig/0002/0497/4005.jpg,2023-05-26 15:02:36
104646691,12,https://avcdn.av.by/advertbig/0002/0497/3915.jpg,2023-05-26 15:02:36
104646691,13,https://avcdn.av.by/advertbig/0002/0497/3932.jpg,2023-05-26 15:02:36
104646691,14,https://avcdn.av.by/advertbig/0002/0497/3920.jpg,2023-05-26 15:02:36
104646691,15,https://avcdn.av.by/advertbig/0002/0497/3931.jpg,2023-05-26 15:02:36
104646691,16,https://avcdn.av.by/advertbig/0002/0497/3945.jpg,2023-05-26 15:02:36
104646691,17,https://avcdn.av.by/advertbig/0002/0497/3950.jpg,2023-05-26 15:02:36
104646691,18,https://avcdn.av.by/advertbig/0002/0497/3975.jpg,2023-05-26 15:02:36
104646691,19,https://avcdn.av.by/advertbig/0002/0497/3995.jpg,2023-05-26 15:02:36
104646691,20,https://avcdn.av.by/advertbig/0002/0497/3985.jpg,2023-05-26 15:02:36
104399667,1,https://avcdn.av.by/advertbig/0001/9738/4953.jpg,2023-05-26 15:02:36
104399667,2,https://avcdn.av.by/advertbig/0001/9738/4958.jpg,2023-05-26 15:02:36
104399667,3,https://avcdn.av.by/advertbig/0001/9738/4963.jpg,2023-05-26 15:02:36
104399667,4,https://avcdn.av.by/advertbig/0001/9738/4968.jpg,2023-05-26 15:02:36
104399667,5,https://avcdn.av.by/advertbig/0001/9738/4973.jpg,2023-05-26 15:02:36
104399667,6,https://avcdn.av.by/advertbig/0001/9738/4978.jpg,2023-05-26 15:02:36
104399667,7,https://avcdn.av.by/advertbig/0001/9738/4983.jpg,2023-05-26 15:02:36
104399667,8,https://avcdn.av.by/advertbig/0001/9738/4988.jpg,2023-05-26 15:02:36
104379659,1,https://avcdn.av.by/advertbig/0001/9679/2563.jpg,2023-05-26 15:02:37
104379659,2,https://avcdn.av.by/advertbig/0001/9679/2523.jpg,2023-05-26 15:02:37
104379659,3,https://avcdn.av.by/advertbig/0001/9679/2473.jpg,2023-05-26 15:02:37
104379659,4,https://avcdn.av.by/advertbig/0001/9679/2548.jpg,2023-05-26 15:02:37
104379659,5,https://avcdn.av.by/advertbig/0001/9679/2488.jpg,2023-05-26 15:02:37
104379659,6,https://avcdn.av.by/advertbig/0001/9679/2508.jpg,2023-05-26 15:02:37
104379659,7,https://avcdn.av.by/advertbig/0001/9679/2528.jpg,2023-05-26 15:02:37
104379659,8,https://avcdn.av.by/advertbig/0001/9679/2538.jpg,2023-05-26 15:02:37
104379659,9,https://avcdn.av.by/advertbig/0001/9679/2478.jpg,2023-05-26 15:02:37
104379659,10,https://avcdn.av.by/advertbig/0001/9679/2503.jpg,2023-05-26 15:02:37
104379659,11,https://avcdn.av.by/advertbig/0001/9679/2498.jpg,2023-05-26 15:02:37
104379659,12,https://avcdn.av.by/advertbig/0001/9679/2518.jpg,2023-05-26 15:02:37
104379659,13,https://avcdn.av.by/advertbig/0001/9679/2559.jpg,2023-05-26 15:02:37
104379659,14,https://avcdn.av.by/advertbig/0001/9679/2483.jpg,2023-05-26 15:02:37
104379659,15,https://avcdn.av.by/advertbig/0001/9679/2543.jpg,2023-05-26 15:02:37
104379659,16,https://avcdn.av.by/advertbig/0001/9679/2533.jpg,2023-05-26 15:02:37
104379659,17,https://avcdn.av.by/advertbig/0001/9679/2553.jpg,2023-05-26 15:02:37
104397760,1,https://avcdn.av.by/advertbig/0001/9729/4196.jpg,2023-05-26 15:02:38
104397760,2,https://avcdn.av.by/advertbig/0001/9729/4201.jpg,2023-05-26 15:02:38
104397760,3,https://avcdn.av.by/advertbig/0001/9729/4211.jpg,2023-05-26 15:02:38
104397760,4,https://avcdn.av.by/advertbig/0001/9729/4216.jpg,2023-05-26 15:02:38
104397760,5,https://avcdn.av.by/advertbig/0001/9729/4231.jpg,2023-05-26 15:02:38
104397760,6,https://avcdn.av.by/advertbig/0001/9729/4236.jpg,2023-05-26 15:02:38
104397760,7,https://avcdn.av.by/advertbig/0001/9729/4241.jpg,2023-05-26 15:02:38
103655363,1,https://avcdn.av.by/advertbig/0001/7321/5619.jpg,2023-05-26 15:02:38
103655363,2,https://avcdn.av.by/advertbig/0001/7321/5624.jpg,2023-05-26 15:02:38
103655363,3,https://avcdn.av.by/advertbig/0001/7321/5634.jpg,2023-05-26 15:02:38
103655363,4,https://avcdn.av.by/advertbig/0001/7321/5654.jpg,2023-05-26 15:02:38
103655363,5,https://avcdn.av.by/advertbig/0001/7321/5664.jpg,2023-05-26 15:02:38
103655363,6,https://avcdn.av.by/advertbig/0001/7321/5689.jpg,2023-05-26 15:02:38
103655363,7,https://avcdn.av.by/advertbig/0001/7321/5734.jpg,2023-05-26 15:02:38
103655363,8,https://avcdn.av.by/advertbig/0001/7321/5814.jpg,2023-05-26 15:02:38
104324204,1,https://avcdn.av.by/advertbig/0001/9464/8562.jpg,2023-05-26 15:02:39
104324204,2,https://avcdn.av.by/advertbig/0001/9464/8577.jpg,2023-05-26 15:02:39
104324204,3,https://avcdn.av.by/advertbig/0001/9464/8582.jpg,2023-05-26 15:02:39
104324204,4,https://avcdn.av.by/advertbig/0001/9464/8592.jpg,2023-05-26 15:02:39
104324204,5,https://avcdn.av.by/advertbig/0001/9464/8602.jpg,2023-05-26 15:02:39
104324204,6,https://avcdn.av.by/advertbig/0001/9464/8607.jpg,2023-05-26 15:02:39
104324204,7,https://avcdn.av.by/advertbig/0001/9464/8617.jpg,2023-05-26 15:02:39
104324204,8,https://avcdn.av.by/advertbig/0001/9464/8637.jpg,2023-05-26 15:02:39
104324204,9,https://avcdn.av.by/advertbig/0001/9464/8652.jpg,2023-05-26 15:02:39
104324204,10,https://avcdn.av.by/advertbig/0001/9464/8667.jpg,2023-05-26 15:02:39
104324204,11,https://avcdn.av.by/advertbig/0001/9464/8677.jpg,2023-05-26 15:02:39
104324204,12,https://avcdn.av.by/advertbig/0001/9464/8697.jpg,2023-05-26 15:02:39
104324204,13,https://avcdn.av.by/advertbig/0001/9464/8732.jpg,2023-05-26 15:02:39
104324204,14,https://avcdn.av.by/advertbig/0001/9464/8772.jpg,2023-05-26 15:02:39
104324204,15,https://avcdn.av.by/advertbig/0001/9464/8817.jpg,2023-05-26 15:02:39
104324204,16,https://avcdn.av.by/advertbig/0001/9464/8857.jpg,2023-05-26 15:02:39
104324204,17,https://avcdn.av.by/advertbig/0001/9464/8942.jpg,2023-05-26 15:02:39
104324204,18,https://avcdn.av.by/advertbig/0001/9464/8972.jpg,2023-05-26 15:02:39
104324204,19,https://avcdn.av.by/advertbig/0001/9464/8982.jpg,2023-05-26 15:02:39
104324204,20,https://avcdn.av.by/advertbig/0001/9464/8992.jpg,2023-05-26 15:02:39
104324204,21,https://avcdn.av.by/advertbig/0001/9464/8997.jpg,2023-05-26 15:02:39
104324204,22,https://avcdn.av.by/advertbig/0001/9464/9012.jpg,2023-05-26 15:02:39
104324204,23,https://avcdn.av.by/advertbig/0001/9464/9017.jpg,2023-05-26 15:02:39
104324204,24,https://avcdn.av.by/advertbig/0001/9464/9027.jpg,2023-05-26 15:02:39
104324204,25,https://avcdn.av.by/advertbig/0001/9464/9037.jpg,2023-05-26 15:02:39
104324204,26,https://avcdn.av.by/advertbig/0001/9464/9042.jpg,2023-05-26 15:02:39
104324204,27,https://avcdn.av.by/advertbig/0001/9464/9057.jpg,2023-05-26 15:02:39
104324204,28,https://avcdn.av.by/advertbig/0001/9464/9067.jpg,2023-05-26 15:02:39
104324204,29,https://avcdn.av.by/advertbig/0001/9464/9082.jpg,2023-05-26 15:02:39
104324204,30,https://avcdn.av.by/advertbig/0001/9464/9097.jpg,2023-05-26 15:02:39
104324180,1,https://avcdn.av.by/advertbig/0001/9464/7147.jpg,2023-05-26 15:02:39
104324180,2,https://avcdn.av.by/advertbig/0001/9464/7152.jpg,2023-05-26 15:02:39
104324180,3,https://avcdn.av.by/advertbig/0001/9464/7157.jpg,2023-05-26 15:02:39
104324180,4,https://avcdn.av.by/advertbig/0001/9464/7162.jpg,2023-05-26 15:02:39
104324180,5,https://avcdn.av.by/advertbig/0001/9464/7167.jpg,2023-05-26 15:02:39
104324180,6,https://avcdn.av.by/advertbig/0001/9464/7172.jpg,2023-05-26 15:02:39
104324180,7,https://avcdn.av.by/advertbig/0001/9464/7177.jpg,2023-05-26 15:02:39
104324179,1,https://avcdn.av.by/advertbig/0001/9464/7097.jpg,2023-05-26 15:02:40
104324179,2,https://avcdn.av.by/advertbig/0001/9464/7107.jpg,2023-05-26 15:02:40
104324179,3,https://avcdn.av.by/advertbig/0001/9464/7112.jpg,2023-05-26 15:02:40
104324179,4,https://avcdn.av.by/advertbig/0001/9464/7117.jpg,2023-05-26 15:02:40
104324179,5,https://avcdn.av.by/advertbig/0001/9464/7127.jpg,2023-05-26 15:02:40
104324179,6,https://avcdn.av.by/advertbig/0001/9464/7132.jpg,2023-05-26 15:02:40
104324179,7,https://avcdn.av.by/advertbig/0001/9464/7137.jpg,2023-05-26 15:02:40
104193033,1,https://avcdn.av.by/advertbig/0001/9013/4079.jpg,2023-05-26 15:02:40
104193033,2,https://avcdn.av.by/advertbig/0001/9013/4129.jpg,2023-05-26 15:02:40
104193033,3,https://avcdn.av.by/advertbig/0001/9013/4164.jpg,2023-05-26 15:02:40
104193033,4,https://avcdn.av.by/advertbig/0001/9013/4189.jpg,2023-05-26 15:02:40
104193033,5,https://avcdn.av.by/advertbig/0001/9013/4224.jpg,2023-05-26 15:02:40
104193033,6,https://avcdn.av.by/advertbig/0001/9013/4254.jpg,2023-05-26 15:02:40
104193033,7,https://avcdn.av.by/advertbig/0001/9013/4279.jpg,2023-05-26 15:02:40
104193033,8,https://avcdn.av.by/advertbig/0001/9013/4314.jpg,2023-05-26 15:02:40
104193033,9,https://avcdn.av.by/advertbig/0001/9013/4354.jpg,2023-05-26 15:02:40
104193033,10,https://avcdn.av.by/advertbig/0001/9013/4379.jpg,2023-05-26 15:02:40
104324120,1,https://avcdn.av.by/advertbig/0001/9464/2360.jpg,2023-05-26 15:02:41
104324120,2,https://avcdn.av.by/advertbig/0001/9464/2390.jpg,2023-05-26 15:02:41
104324120,3,https://avcdn.av.by/advertbig/0001/9464/2395.jpg,2023-05-26 15:02:41
104324120,4,https://avcdn.av.by/advertbig/0001/9464/2400.jpg,2023-05-26 15:02:41
104324120,5,https://avcdn.av.by/advertbig/0001/9464/2405.jpg,2023-05-26 15:02:41
104324120,6,https://avcdn.av.by/advertbig/0001/9464/2445.jpg,2023-05-26 15:02:41
104324112,1,https://avcdn.av.by/advertbig/0001/9464/2225.jpg,2023-05-26 15:02:42
104324112,2,https://avcdn.av.by/advertbig/0001/9464/2235.jpg,2023-05-26 15:02:42
104324112,3,https://avcdn.av.by/advertbig/0001/9464/2245.jpg,2023-05-26 15:02:42
104324112,4,https://avcdn.av.by/advertbig/0001/9464/2250.jpg,2023-05-26 15:02:42
104324112,5,https://avcdn.av.by/advertbig/0001/9464/2255.jpg,2023-05-26 15:02:42
104324112,6,https://avcdn.av.by/advertbig/0001/9464/2270.jpg,2023-05-26 15:02:42
103692865,1,https://avcdn.av.by/advertbig/0001/7440/6692.jpg,2023-05-26 15:02:42
103692865,2,https://avcdn.av.by/advertbig/0001/7440/6697.jpg,2023-05-26 15:02:42
103692865,3,https://avcdn.av.by/advertbig/0001/7440/6702.jpg,2023-05-26 15:02:42
103692865,4,https://avcdn.av.by/advertbig/0001/7440/6708.jpg,2023-05-26 15:02:42
103692865,5,https://avcdn.av.by/advertbig/0001/7440/6713.jpg,2023-05-26 15:02:42
103692865,6,https://avcdn.av.by/advertbig/0001/7440/6718.jpg,2023-05-26 15:02:42
103692865,7,https://avcdn.av.by/advertbig/0001/7440/6753.jpg,2023-05-26 15:02:42
103692865,8,https://avcdn.av.by/advertbig/0001/7440/6798.jpg,2023-05-26 15:02:42
103692865,9,https://avcdn.av.by/advertbig/0001/7440/6858.jpg,2023-05-26 15:02:42
103692865,10,https://avcdn.av.by/advertbig/0001/7440/6863.jpg,2023-05-26 15:02:42
104324211,1,https://avcdn.av.by/advertbig/0001/9464/9632.jpg,2023-05-26 15:02:43
104324211,2,https://avcdn.av.by/advertbig/0001/9464/9642.jpg,2023-05-26 15:02:43
104324211,3,https://avcdn.av.by/advertbig/0001/9464/9652.jpg,2023-05-26 15:02:43
104324211,4,https://avcdn.av.by/advertbig/0001/9464/9662.jpg,2023-05-26 15:02:43
104324211,5,https://avcdn.av.by/advertbig/0001/9464/9697.jpg,2023-05-26 15:02:43
104324211,6,https://avcdn.av.by/advertbig/0001/9464/9702.jpg,2023-05-26 15:02:43
104324211,7,https://avcdn.av.by/advertbig/0001/9464/9722.jpg,2023-05-26 15:02:43
104324211,8,https://avcdn.av.by/advertbig/0001/9464/9727.jpg,2023-05-26 15:02:43
104324211,9,https://avcdn.av.by/advertbig/0001/9464/9732.jpg,2023-05-26 15:02:43
104324211,10,https://avcdn.av.by/advertbig/0001/9464/9742.jpg,2023-05-26 15:02:43
104324211,11,https://avcdn.av.by/advertbig/0001/9464/9752.jpg,2023-05-26 15:02:43
104324211,12,https://avcdn.av.by/advertbig/0001/9464/9767.jpg,2023-05-26 15:02:43
104324211,13,https://avcdn.av.by/advertbig/0001/9464/9787.jpg,2023-05-26 15:02:43
104324211,14,https://avcdn.av.by/advertbig/0001/9464/9802.jpg,2023-05-26 15:02:43
104324211,15,https://avcdn.av.by/advertbig/0001/9464/9832.jpg,2023-05-26 15:02:43
104324211,16,https://avcdn.av.by/advertbig/0001/9464/9842.jpg,2023-05-26 15:02:43
104324211,17,https://avcdn.av.by/advertbig/0001/9464/9852.jpg,2023-05-26 15:02:43
104324211,18,https://avcdn.av.by/advertbig/0001/9464/9862.jpg,2023-05-26 15:02:43
104324211,19,https://avcdn.av.by/advertbig/0001/9464/9867.jpg,2023-05-26 15:02:43
104324211,20,https://avcdn.av.by/advertbig/0001/9464/9872.jpg,2023-05-26 15:02:43
104324211,21,https://avcdn.av.by/advertbig/0001/9464/9882.jpg,2023-05-26 15:02:43
104324211,22,https://avcdn.av.by/advertbig/0001/9464/9892.jpg,2023-05-26 15:02:43
104324211,23,https://avcdn.av.by/advertbig/0001/9464/9897.jpg,2023-05-26 15:02:43
104324211,24,https://avcdn.av.by/advertbig/0001/9464/9907.jpg,2023-05-26 15:02:43
104324211,25,https://avcdn.av.by/advertbig/0001/9464/9912.jpg,2023-05-26 15:02:43
104324211,26,https://avcdn.av.by/advertbig/0001/9464/9922.jpg,2023-05-26 15:02:43
104324211,27,https://avcdn.av.by/advertbig/0001/9464/9927.jpg,2023-05-26 15:02:43
104324211,28,https://avcdn.av.by/advertbig/0001/9464/9942.jpg,2023-05-26 15:02:43
104324211,29,https://avcdn.av.by/advertbig/0001/9464/9947.jpg,2023-05-26 15:02:43
104324211,30,https://avcdn.av.by/advertbig/0001/9464/9952.jpg,2023-05-26 15:02:43
