card_id,category,item,scrap_date
104309289,Экстерьер,легкосплавные диски,2023-05-26 19:17:43
104309289,Экстерьер,фаркоп,2023-05-26 19:17:43
104309289,Системы безопасности,сигнализация,2023-05-26 19:17:43
104309289,Интерьер,тёмный,2023-05-26 19:17:43
104309289,Интерьер,ткань,2023-05-26 19:17:43
104309289,Комфорт,автозапуск двигателя,2023-05-26 19:17:43
104309289,Комфорт,передние электро-стеклоподъёмники,2023-05-26 19:17:43
104309289,Обогрев,сидений,2023-05-26 19:17:43
104309289,Обогрев,зеркал,2023-05-26 19:17:43
104309289,Климат,кондиционер,2023-05-26 19:17:43
104309289,Мультимедиа,AUX или iPod,2023-05-26 19:17:43
104309289,Мультимедиа,CD или MP3,2023-05-26 19:17:43
104309289,Мультимедиа,USB,2023-05-26 19:17:43
104309289,Фары,противотуманные,2023-05-26 19:17:43
103933657,Интерьер,комби,2023-05-26 19:17:43
103933657,Интерьер,ткань,2023-05-26 19:17:43
104572570,Экстерьер,легкосплавные диски,2023-05-26 19:17:43
104572570,Экстерьер,рейлинги на крыше,2023-05-26 19:17:43
104572570,Системы безопасности,ABS,2023-05-26 19:17:43
104572570,Системы безопасности,ESP,2023-05-26 19:17:43
104572570,Системы безопасности,антипробуксовочная,2023-05-26 19:17:43
104572570,Системы безопасности,иммобилайзер,2023-05-26 19:17:43
104572570,Системы безопасности,сигнализация,2023-05-26 19:17:43
104572570,Подушки,передние,2023-05-26 19:17:43
104572570,Подушки,боковые,2023-05-26 19:17:43
104572570,Подушки,задние,2023-05-26 19:17:43
104572570,Системы помощи,датчик дождя,2023-05-26 19:17:43
104572570,Системы помощи,камера заднего вида,2023-05-26 19:17:43
104572570,Системы помощи,контроль мертвых зон на зеркалах,2023-05-26 19:17:43
104572570,Интерьер,тёмный,2023-05-26 19:17:43
104572570,Интерьер,комбинированные материалы,2023-05-26 19:17:43
104572570,Интерьер,панорамная крыша,2023-05-26 19:17:43
104572570,Комфорт,автозапуск двигателя,2023-05-26 19:17:43
104572570,Комфорт,круиз-контроль,2023-05-26 19:17:43
104572570,Комфорт,управление мультимедиа с руля,2023-05-26 19:17:43
104572570,Комфорт,электрорегулировка сидений,2023-05-26 19:17:43
104572570,Комфорт,передние электро-стеклоподъёмники,2023-05-26 19:17:43
104572570,Комфорт,задние электро-стеклоподъёмники,2023-05-26 19:17:43
104572570,Обогрев,сидений,2023-05-26 19:17:43
104572570,Обогрев,лобового стекла,2023-05-26 19:17:43
104572570,Обогрев,зеркал,2023-05-26 19:17:43
104572570,Обогрев,руля,2023-05-26 19:17:43
104572570,Климат,климат-контроль,2023-05-26 19:17:43
104572570,Мультимедиа,AUX или iPod,2023-05-26 19:17:43
104572570,Мультимедиа,Bluetooth,2023-05-26 19:17:43
104572570,Мультимедиа,CD или MP3,2023-05-26 19:17:43
104572570,Мультимедиа,USB,2023-05-26 19:17:43
104572570,Мультимедиа,мультимедийный экран,2023-05-26 19:17:43
104572570,Фары,противотуманные,2023-05-26 19:17:43
104572570,Фары,светодиодные,2023-05-26 19:17:43
101225600,Экстерьер,легкосплавные диски,2023-05-26 19:17:45
101225600,Системы безопасности,ABS,2023-05-26 19:17:45
101225600,Системы безопасности,ESP,2023-05-26 19:17:45
101225600,Системы безопасности,антипробуксовочная,2023-05-26 19:17:45
101225600,Системы безопасности,иммобилайзер,2023-05-26 19:17:45
101225600,Подушки,передние,2023-05-26 19:17:45
101225600,Подушки,боковые,2023-05-26 19:17:45
101225600,Подушки,задние,2023-05-26 19:17:45
101225600,Системы помощи,датчик дождя,2023-05-26 19:17:45
101225600,Системы помощи,камера заднего вида,2023-05-26 19:17:45
101225600,Системы помощи,парктроники,2023-05-26 19:17:45
101225600,Интерьер,комби,2023-05-26 19:17:45
101225600,Интерьер,искусственная кожа,2023-05-26 19:17:45
101225600,Интерьер,панорамная крыша,2023-05-26 19:17:45
101225600,Комфорт,автозапуск двигателя,2023-05-26 19:17:45
101225600,Комфорт,круиз-контроль,2023-05-26 19:17:45
101225600,Комфорт,управление мультимедиа с руля,2023-05-26 19:17:45
101225600,Комфорт,электрорегулировка сидений,2023-05-26 19:17:45
101225600,Комфорт,передние электро-стеклоподъёмники,2023-05-26 19:17:45
101225600,Комфорт,задние электро-стеклоподъёмники,2023-05-26 19:17:45
101225600,Обогрев,сидений,2023-05-26 19:17:45
101225600,Обогрев,зеркал,2023-05-26 19:17:45
101225600,Климат,климат-контроль,2023-05-26 19:17:45
101225600,Мультимедиа,Bluetooth,2023-05-26 19:17:45
101225600,Мультимедиа,USB,2023-05-26 19:17:45
101225600,Мультимедиа,мультимедийный экран,2023-05-26 19:17:45
101225600,Фары,светодиодные,2023-05-26 19:17:45
104673128,Экстерьер,легкосплавные диски,2023-05-26 19:17:46
104673128,Системы безопасности,ABS,2023-05-26 19:17:46
104673128,Системы безопасности,ESP,2023-05-26 19:17:46
104673128,Системы безопасности,антипробуксовочная,2023-05-26 19:17:46
104673128,Системы безопасности,иммобилайзер,2023-05-26 19:17:46
104673128,Подушки,передние,2023-05-26 19:17:46
104673128,Подушки,боковые,2023-05-26 19:17:46
104673128,Подушки,задние,2023-05-26 19:17:46
104673128,Системы помощи,датчик дождя,2023-05-26 19:17:46
104673128,Системы помощи,камера заднего вида,2023-05-26 19:17:46
104673128,Системы помощи,парктроники,2023-05-26 19:17:46
104673128,Интерьер,тёмный,2023-05-26 19:17:46
104673128,Интерьер,искусственная кожа,2023-05-26 19:17:46
104673128,Интерьер,люк,2023-05-26 19:17:46
104673128,Комфорт,круиз-контроль,2023-05-26 19:17:46
104673128,Комфорт,управление мультимедиа с руля,2023-05-26 19:17:46
104673128,Комфорт,передние электро-стеклоподъёмники,2023-05-26 19:17:46
104673128,Комфорт,задние электро-стеклоподъёмники,2023-05-26 19:17:46
104673128,Обогрев,сидений,2023-05-26 19:17:46
104673128,Обогрев,зеркал,2023-05-26 19:17:46
104673128,Климат,климат-контроль,2023-05-26 19:17:46
104673128,Климат,кондиционер,2023-05-26 19:17:46
104673128,Мультимедиа,AUX или iPod,2023-05-26 19:17:46
104673128,Мультимедиа,Bluetooth,2023-05-26 19:17:46
104673128,Мультимедиа,CD или MP3,2023-05-26 19:17:46
104673128,Мультимедиа,USB,2023-05-26 19:17:46
104673128,Мультимедиа,мультимедийный экран,2023-05-26 19:17:46
104673128,Фары,светодиодные,2023-05-26 19:17:46
104673120,Экстерьер,легкосплавные диски,2023-05-26 19:17:47
104673120,Системы безопасности,ABS,2023-05-26 19:17:47
104673120,Системы безопасности,ESP,2023-05-26 19:17:47
104673120,Системы безопасности,антипробуксовочная,2023-05-26 19:17:47
104673120,Системы безопасности,иммобилайзер,2023-05-26 19:17:47
104673120,Подушки,передние,2023-05-26 19:17:47
104673120,Подушки,боковые,2023-05-26 19:17:47
104673120,Подушки,задние,2023-05-26 19:17:47
104673120,Системы помощи,датчик дождя,2023-05-26 19:17:47
104673120,Системы помощи,камера заднего вида,2023-05-26 19:17:47
104673120,Системы помощи,парктроники,2023-05-26 19:17:47
104673120,Интерьер,тёмный,2023-05-26 19:17:47
104673120,Интерьер,искусственная кожа,2023-05-26 19:17:47
104673120,Интерьер,люк,2023-05-26 19:17:47
104673120,Комфорт,круиз-контроль,2023-05-26 19:17:47
104673120,Комфорт,управление мультимедиа с руля,2023-05-26 19:17:47
104673120,Комфорт,передние электро-стеклоподъёмники,2023-05-26 19:17:47
104673120,Комфорт,задние электро-стеклоподъёмники,2023-05-26 19:17:47
104673120,Обогрев,сидений,2023-05-26 19:17:47
104673120,Обогрев,зеркал,2023-05-26 19:17:47
104673120,Климат,климат-контроль,2023-05-26 19:17:47
104673120,Климат,кондиционер,2023-05-26 19:17:47
104673120,Мультимедиа,AUX или iPod,2023-05-26 19:17:47
104673120,Мультимедиа,Bluetooth,2023-05-26 19:17:47
104673120,Мультимедиа,CD или MP3,2023-05-26 19:17:47
104673120,Мультимедиа,USB,2023-05-26 19:17:47
104673120,Мультимедиа,мультимедийный экран,2023-05-26 19:17:47
104673120,Фары,светодиодные,2023-05-26 19:17:47
104621634,Экстерьер,легкосплавные диски,2023-05-26 19:17:47
104621634,Системы безопасности,ABS,2023-05-26 19:17:47
104621634,Системы безопасности,ESP,2023-05-26 19:17:47
104621634,Системы безопасности,антипробуксовочная,2023-05-26 19:17:47
104621634,Системы безопасности,иммобилайзер,2023-05-26 19:17:47
104621634,Системы безопасности,сигнализация,2023-05-26 19:17:47
104621634,Подушки,передние,2023-05-26 19:17:47
104621634,Подушки,боковые,2023-05-26 19:17:47
104621634,Подушки,задние,2023-05-26 19:17:47
104621634,Системы помощи,датчик дождя,2023-05-26 19:17:47
104621634,Системы помощи,камера заднего вида,2023-05-26 19:17:47
104621634,Системы помощи,парктроники,2023-05-26 19:17:47
104621634,Системы помощи,контроль мертвых зон на зеркалах,2023-05-26 19:17:47
104621634,Интерьер,тёмный,2023-05-26 19:17:47
104621634,Интерьер,искусственная кожа,2023-05-26 19:17:47
104621634,Интерьер,панорамная крыша,2023-05-26 19:17:47
104621634,Интерьер,люк,2023-05-26 19:17:47
104621634,Комфорт,автозапуск двигателя,2023-05-26 19:17:47
104621634,Комфорт,круиз-контроль,2023-05-26 19:17:47
104621634,Комфорт,управление мультимедиа с руля,2023-05-26 19:17:47
104621634,Комфорт,электрорегулировка сидений,2023-05-26 19:17:47
104621634,Комфорт,передние электро-стеклоподъёмники,2023-05-26 19:17:47
104621634,Комфорт,задние электро-стеклоподъёмники,2023-05-26 19:17:47
104621634,Обогрев,сидений,2023-05-26 19:17:47
104621634,Обогрев,лобового стекла,2023-05-26 19:17:47
104621634,Обогрев,зеркал,2023-05-26 19:17:47
104621634,Обогрев,руля,2023-05-26 19:17:47
104621634,Климат,климат-контроль,2023-05-26 19:17:47
104621634,Климат,кондиционер,2023-05-26 19:17:47
104621634,Мультимедиа,Bluetooth,2023-05-26 19:17:47
104621634,Фары,ксеноновые,2023-05-26 19:17:47
104621634,Фары,противотуманные,2023-05-26 19:17:47
104621634,Фары,светодиодные,2023-05-26 19:17:47
104667181,Интерьер,комби,2023-05-26 19:17:47
104667181,Интерьер,натуральная кожа,2023-05-26 19:17:47
104408441,Экстерьер,легкосплавные диски,2023-05-26 19:17:48
104408441,Системы безопасности,ABS,2023-05-26 19:17:48
104408441,Системы безопасности,ESP,2023-05-26 19:17:48
104408441,Системы безопасности,антипробуксовочная,2023-05-26 19:17:48
104408441,Системы безопасности,иммобилайзер,2023-05-26 19:17:48
104408441,Подушки,передние,2023-05-26 19:17:48
104408441,Подушки,боковые,2023-05-26 19:17:48
104408441,Подушки,задние,2023-05-26 19:17:48
104408441,Системы помощи,датчик дождя,2023-05-26 19:17:48
104408441,Системы помощи,камера заднего вида,2023-05-26 19:17:48
104408441,Системы помощи,парктроники,2023-05-26 19:17:48
104408441,Интерьер,тёмный,2023-05-26 19:17:48
104408441,Интерьер,искусственная кожа,2023-05-26 19:17:48
104408441,Интерьер,люк,2023-05-26 19:17:48
104408441,Комфорт,круиз-контроль,2023-05-26 19:17:48
104408441,Комфорт,управление мультимедиа с руля,2023-05-26 19:17:48
104408441,Комфорт,передние электро-стеклоподъёмники,2023-05-26 19:17:48
104408441,Комфорт,задние электро-стеклоподъёмники,2023-05-26 19:17:48
104408441,Обогрев,сидений,2023-05-26 19:17:48
104408441,Обогрев,зеркал,2023-05-26 19:17:48
104408441,Климат,климат-контроль,2023-05-26 19:17:48
104408441,Мультимедиа,Bluetooth,2023-05-26 19:17:48
104408441,Мультимедиа,CD или MP3,2023-05-26 19:17:48
104408441,Мультимедиа,USB,2023-05-26 19:17:48
104408441,Мультимедиа,мультимедийный экран,2023-05-26 19:17:48
104408441,Фары,светодиодные,2023-05-26 19:17:48
104408545,Экстерьер,легкосплавные диски,2023-05-26 19:17:48
104408545,Системы безопасности,ABS,2023-05-26 19:17:48
104408545,Системы безопасности,ESP,2023-05-26 19:17:48
104408545,Системы безопасности,антипробуксовочная,2023-05-26 19:17:48
104408545,Системы безопасности,иммобилайзер,2023-05-26 19:17:48
104408545,Подушки,передние,2023-05-26 19:17:48
104408545,Подушки,боковые,2023-05-26 19:17:48
104408545,Подушки,задние,2023-05-26 19:17:48
104408545,Системы помощи,датчик дождя,2023-05-26 19:17:48
104408545,Системы помощи,камера заднего вида,2023-05-26 19:17:48
104408545,Системы помощи,парктроники,2023-05-26 19:17:48
104408545,Интерьер,тёмный,2023-05-26 19:17:48
104408545,Интерьер,искусственная кожа,2023-05-26 19:17:48
104408545,Интерьер,люк,2023-05-26 19:17:48
104408545,Комфорт,круиз-контроль,2023-05-26 19:17:48
104408545,Комфорт,управление мультимедиа с руля,2023-05-26 19:17:48
104408545,Комфорт,передние электро-стеклоподъёмники,2023-05-26 19:17:48
104408545,Комфорт,задние электро-стеклоподъёмники,2023-05-26 19:17:48
104408545,Обогрев,сидений,2023-05-26 19:17:48
104408545,Обогрев,зеркал,2023-05-26 19:17:48
104408545,Климат,климат-контроль,2023-05-26 19:17:48
104408545,Мультимедиа,Bluetooth,2023-05-26 19:17:48
104408545,Мультимедиа,CD или MP3,2023-05-26 19:17:48
104408545,Мультимедиа,USB,2023-05-26 19:17:48
104408545,Мультимедиа,мультимедийный экран,2023-05-26 19:17:48
104408545,Фары,светодиодные,2023-05-26 19:17:48
104408434,Экстерьер,легкосплавные диски,2023-05-26 19:17:49
104408434,Системы безопасности,ABS,2023-05-26 19:17:49
104408434,Системы безопасности,ESP,2023-05-26 19:17:49
104408434,Системы безопасности,антипробуксовочная,2023-05-26 19:17:49
104408434,Системы безопасности,иммобилайзер,2023-05-26 19:17:49
104408434,Подушки,передние,2023-05-26 19:17:49
104408434,Подушки,боковые,2023-05-26 19:17:49
104408434,Подушки,задние,2023-05-26 19:17:49
104408434,Системы помощи,датчик дождя,2023-05-26 19:17:49
104408434,Системы помощи,камера заднего вида,2023-05-26 19:17:49
104408434,Системы помощи,парктроники,2023-05-26 19:17:49
104408434,Интерьер,тёмный,2023-05-26 19:17:49
104408434,Интерьер,искусственная кожа,2023-05-26 19:17:49
104408434,Интерьер,люк,2023-05-26 19:17:49
104408434,Комфорт,круиз-контроль,2023-05-26 19:17:49
104408434,Комфорт,управление мультимедиа с руля,2023-05-26 19:17:49
104408434,Комфорт,передние электро-стеклоподъёмники,2023-05-26 19:17:49
104408434,Комфорт,задние электро-стеклоподъёмники,2023-05-26 19:17:49
104408434,Обогрев,сидений,2023-05-26 19:17:49
104408434,Обогрев,зеркал,2023-05-26 19:17:49
104408434,Климат,климат-контроль,2023-05-26 19:17:49
104408434,Мультимедиа,Bluetooth,2023-05-26 19:17:49
104408434,Мультимедиа,CD или MP3,2023-05-26 19:17:49
104408434,Мультимедиа,USB,2023-05-26 19:17:49
104408434,Мультимедиа,мультимедийный экран,2023-05-26 19:17:49
104408434,Фары,светодиодные,2023-05-26 19:17:49
104408451,Экстерьер,легкосплавные диски,2023-05-26 19:17:50
104408451,Системы безопасности,ABS,2023-05-26 19:17:50
104408451,Системы безопасности,ESP,2023-05-26 19:17:50
104408451,Системы безопасности,антипробуксовочная,2023-05-26 19:17:50
104408451,Системы безопасности,иммобилайзер,2023-05-26 19:17:50
104408451,Подушки,передние,2023-05-26 19:17:50
104408451,Подушки,боковые,2023-05-26 19:17:50
104408451,Подушки,задние,2023-05-26 19:17:50
104408451,Системы помощи,датчик дождя,2023-05-26 19:17:50
104408451,Системы помощи,камера заднего вида,2023-05-26 19:17:50
104408451,Системы помощи,парктроники,2023-05-26 19:17:50
104408451,Интерьер,тёмный,2023-05-26 19:17:50
104408451,Интерьер,искусственная кожа,2023-05-26 19:17:50
104408451,Интерьер,люк,2023-05-26 19:17:50
104408451,Комфорт,круиз-контроль,2023-05-26 19:17:50
104408451,Комфорт,управление мультимедиа с руля,2023-05-26 19:17:50
104408451,Комфорт,передние электро-стеклоподъёмники,2023-05-26 19:17:50
104408451,Комфорт,задние электро-стеклоподъёмники,2023-05-26 19:17:50
104408451,Обогрев,сидений,2023-05-26 19:17:50
104408451,Обогрев,зеркал,2023-05-26 19:17:50
104408451,Климат,климат-контроль,2023-05-26 19:17:50
104408451,Мультимедиа,Bluetooth,2023-05-26 19:17:50
104408451,Мультимедиа,CD или MP3,2023-05-26 19:17:50
104408451,Мультимедиа,USB,2023-05-26 19:17:50
104408451,Мультимедиа,мультимедийный экран,2023-05-26 19:17:50
104408451,Фары,светодиодные,2023-05-26 19:17:50
104408460,Экстерьер,легкосплавные диски,2023-05-26 19:17:51
104408460,Системы безопасности,ABS,2023-05-26 19:17:51
104408460,Системы безопасности,ESP,2023-05-26 19:17:51
104408460,Системы безопасности,антипробуксовочная,2023-05-26 19:17:51
104408460,Системы безопасности,иммобилайзер,2023-05-26 19:17:51
104408460,Подушки,передние,2023-05-26 19:17:51
104408460,Подушки,боковые,2023-05-26 19:17:51
104408460,Подушки,задние,2023-05-26 19:17:51
104408460,Системы помощи,датчик дождя,2023-05-26 19:17:51
104408460,Системы помощи,камера заднего вида,2023-05-26 19:17:51
104408460,Системы помощи,парктроники,2023-05-26 19:17:51
104408460,Интерьер,тёмный,2023-05-26 19:17:51
104408460,Интерьер,искусственная кожа,2023-05-26 19:17:51
104408460,Интерьер,люк,2023-05-26 19:17:51
104408460,Комфорт,круиз-контроль,2023-05-26 19:17:51
104408460,Комфорт,управление мультимедиа с руля,2023-05-26 19:17:51
104408460,Комфорт,передние электро-стеклоподъёмники,2023-05-26 19:17:51
104408460,Комфорт,задние электро-стеклоподъёмники,2023-05-26 19:17:51
104408460,Обогрев,сидений,2023-05-26 19:17:51
104408460,Обогрев,зеркал,2023-05-26 19:17:51
104408460,Климат,климат-контроль,2023-05-26 19:17:51
104408460,Мультимедиа,Bluetooth,2023-05-26 19:17:51
104408460,Мультимедиа,CD или MP3,2023-05-26 19:17:51
104408460,Мультимедиа,USB,2023-05-26 19:17:51
104408460,Мультимедиа,мультимедийный экран,2023-05-26 19:17:51
104408460,Фары,светодиодные,2023-05-26 19:17:51
104408464,Экстерьер,легкосплавные диски,2023-05-26 19:17:51
104408464,Системы безопасности,ABS,2023-05-26 19:17:51
104408464,Системы безопасности,ESP,2023-05-26 19:17:51
104408464,Системы безопасности,антипробуксовочная,2023-05-26 19:17:51
104408464,Системы безопасности,иммобилайзер,2023-05-26 19:17:51
104408464,Подушки,передние,2023-05-26 19:17:51
104408464,Подушки,боковые,2023-05-26 19:17:51
104408464,Подушки,задние,2023-05-26 19:17:51
104408464,Системы помощи,датчик дождя,2023-05-26 19:17:51
104408464,Системы помощи,камера заднего вида,2023-05-26 19:17:51
104408464,Системы помощи,парктроники,2023-05-26 19:17:51
104408464,Интерьер,тёмный,2023-05-26 19:17:51
104408464,Интерьер,искусственная кожа,2023-05-26 19:17:51
104408464,Интерьер,люк,2023-05-26 19:17:51
104408464,Комфорт,круиз-контроль,2023-05-26 19:17:51
104408464,Комфорт,управление мультимедиа с руля,2023-05-26 19:17:51
104408464,Комфорт,передние электро-стеклоподъёмники,2023-05-26 19:17:51
104408464,Комфорт,задние электро-стеклоподъёмники,2023-05-26 19:17:51
104408464,Обогрев,сидений,2023-05-26 19:17:51
104408464,Обогрев,зеркал,2023-05-26 19:17:51
104408464,Климат,климат-контроль,2023-05-26 19:17:51
104408464,Мультимедиа,Bluetooth,2023-05-26 19:17:51
104408464,Мультимедиа,CD или MP3,2023-05-26 19:17:51
104408464,Мультимедиа,USB,2023-05-26 19:17:51
104408464,Мультимедиа,мультимедийный экран,2023-05-26 19:17:51
104408464,Фары,светодиодные,2023-05-26 19:17:51
104408448,Экстерьер,легкосплавные диски,2023-05-26 19:17:52
104408448,Системы безопасности,ABS,2023-05-26 19:17:52
104408448,Системы безопасности,ESP,2023-05-26 19:17:52
104408448,Системы безопасности,антипробуксовочная,2023-05-26 19:17:52
104408448,Системы безопасности,иммобилайзер,2023-05-26 19:17:52
104408448,Подушки,передние,2023-05-26 19:17:52
104408448,Подушки,боковые,2023-05-26 19:17:52
104408448,Подушки,задние,2023-05-26 19:17:52
104408448,Системы помощи,датчик дождя,2023-05-26 19:17:52
104408448,Системы помощи,камера заднего вида,2023-05-26 19:17:52
104408448,Системы помощи,парктроники,2023-05-26 19:17:52
104408448,Интерьер,тёмный,2023-05-26 19:17:52
104408448,Интерьер,искусственная кожа,2023-05-26 19:17:52
104408448,Интерьер,люк,2023-05-26 19:17:52
104408448,Комфорт,круиз-контроль,2023-05-26 19:17:52
104408448,Комфорт,управление мультимедиа с руля,2023-05-26 19:17:52
104408448,Комфорт,передние электро-стеклоподъёмники,2023-05-26 19:17:52
104408448,Комфорт,задние электро-стеклоподъёмники,2023-05-26 19:17:52
104408448,Обогрев,сидений,2023-05-26 19:17:52
104408448,Обогрев,зеркал,2023-05-26 19:17:52
104408448,Климат,климат-контроль,2023-05-26 19:17:52
104408448,Мультимедиа,Bluetooth,2023-05-26 19:17:52
104408448,Мультимедиа,CD или MP3,2023-05-26 19:17:52
104408448,Мультимедиа,USB,2023-05-26 19:17:52
104408448,Мультимедиа,мультимедийный экран,2023-05-26 19:17:52
104408448,Фары,светодиодные,2023-05-26 19:17:52
104399957,Экстерьер,легкосплавные диски,2023-05-26 19:17:53
104399957,Системы безопасности,ABS,2023-05-26 19:17:53
104399957,Системы безопасности,ESP,2023-05-26 19:17:53
104399957,Системы безопасности,антипробуксовочная,2023-05-26 19:17:53
104399957,Системы безопасности,иммобилайзер,2023-05-26 19:17:53
104399957,Подушки,передние,2023-05-26 19:17:53
104399957,Подушки,боковые,2023-05-26 19:17:53
104399957,Подушки,задние,2023-05-26 19:17:53
104399957,Системы помощи,датчик дождя,2023-05-26 19:17:53
104399957,Системы помощи,камера заднего вида,2023-05-26 19:17:53
104399957,Системы помощи,парктроники,2023-05-26 19:17:53
104399957,Интерьер,тёмный,2023-05-26 19:17:53
104399957,Интерьер,искусственная кожа,2023-05-26 19:17:53
104399957,Интерьер,люк,2023-05-26 19:17:53
104399957,Комфорт,круиз-контроль,2023-05-26 19:17:53
104399957,Комфорт,управление мультимедиа с руля,2023-05-26 19:17:53
104399957,Комфорт,передние электро-стеклоподъёмники,2023-05-26 19:17:53
104399957,Комфорт,задние электро-стеклоподъёмники,2023-05-26 19:17:53
104399957,Обогрев,сидений,2023-05-26 19:17:53
104399957,Обогрев,зеркал,2023-05-26 19:17:53
104399957,Климат,климат-контроль,2023-05-26 19:17:53
104399957,Мультимедиа,Bluetooth,2023-05-26 19:17:53
104399957,Мультимедиа,CD или MP3,2023-05-26 19:17:53
104399957,Мультимедиа,USB,2023-05-26 19:17:53
104399957,Мультимедиа,мультимедийный экран,2023-05-26 19:17:53
104399957,Фары,светодиодные,2023-05-26 19:17:53
104399985,Экстерьер,легкосплавные диски,2023-05-26 19:17:53
104399985,Экстерьер,рейлинги на крыше,2023-05-26 19:17:53
104399985,Системы безопасности,ABS,2023-05-26 19:17:53
104399985,Системы безопасности,ESP,2023-05-26 19:17:53
104399985,Системы безопасности,антипробуксовочная,2023-05-26 19:17:53
104399985,Системы безопасности,иммобилайзер,2023-05-26 19:17:53
104399985,Подушки,передние,2023-05-26 19:17:53
104399985,Системы помощи,камера заднего вида,2023-05-26 19:17:53
104399985,Системы помощи,парктроники,2023-05-26 19:17:53
104399985,Интерьер,тёмный,2023-05-26 19:17:53
104399985,Интерьер,комбинированные материалы,2023-05-26 19:17:53
104399985,Интерьер,люк,2023-05-26 19:17:53
104399985,Комфорт,круиз-контроль,2023-05-26 19:17:53
104399985,Комфорт,управление мультимедиа с руля,2023-05-26 19:17:53
104399985,Комфорт,передние электро-стеклоподъёмники,2023-05-26 19:17:53
104399985,Комфорт,задние электро-стеклоподъёмники,2023-05-26 19:17:53
104399985,Обогрев,зеркал,2023-05-26 19:17:53
104399985,Климат,климат-контроль,2023-05-26 19:17:53
104399985,Мультимедиа,Bluetooth,2023-05-26 19:17:53
104399985,Мультимедиа,USB,2023-05-26 19:17:53
104399985,Мультимедиа,мультимедийный экран,2023-05-26 19:17:53
104399963,Экстерьер,легкосплавные диски,2023-05-26 19:17:54
104399963,Системы безопасности,ABS,2023-05-26 19:17:54
104399963,Системы безопасности,ESP,2023-05-26 19:17:54
104399963,Системы безопасности,антипробуксовочная,2023-05-26 19:17:54
104399963,Системы безопасности,иммобилайзер,2023-05-26 19:17:54
104399963,Подушки,передние,2023-05-26 19:17:54
104399963,Подушки,боковые,2023-05-26 19:17:54
104399963,Подушки,задние,2023-05-26 19:17:54
104399963,Системы помощи,датчик дождя,2023-05-26 19:17:54
104399963,Системы помощи,камера заднего вида,2023-05-26 19:17:54
104399963,Системы помощи,парктроники,2023-05-26 19:17:54
104399963,Интерьер,тёмный,2023-05-26 19:17:54
104399963,Интерьер,искусственная кожа,2023-05-26 19:17:54
104399963,Интерьер,люк,2023-05-26 19:17:54
104399963,Комфорт,круиз-контроль,2023-05-26 19:17:54
104399963,Комфорт,управление мультимедиа с руля,2023-05-26 19:17:54
104399963,Комфорт,передние электро-стеклоподъёмники,2023-05-26 19:17:54
104399963,Комфорт,задние электро-стеклоподъёмники,2023-05-26 19:17:54
104399963,Обогрев,сидений,2023-05-26 19:17:54
104399963,Обогрев,зеркал,2023-05-26 19:17:54
104399963,Климат,климат-контроль,2023-05-26 19:17:54
104399963,Мультимедиа,Bluetooth,2023-05-26 19:17:54
104399963,Мультимедиа,CD или MP3,2023-05-26 19:17:54
104399963,Мультимедиа,USB,2023-05-26 19:17:54
104399963,Мультимедиа,мультимедийный экран,2023-05-26 19:17:54
104399963,Фары,светодиодные,2023-05-26 19:17:54
104399655,Экстерьер,легкосплавные диски,2023-05-26 19:17:55
104399655,Системы безопасности,ABS,2023-05-26 19:17:55
104399655,Системы безопасности,ESP,2023-05-26 19:17:55
104399655,Системы безопасности,антипробуксовочная,2023-05-26 19:17:55
104399655,Системы безопасности,иммобилайзер,2023-05-26 19:17:55
104399655,Подушки,передние,2023-05-26 19:17:55
104399655,Подушки,боковые,2023-05-26 19:17:55
104399655,Подушки,задние,2023-05-26 19:17:55
104399655,Системы помощи,датчик дождя,2023-05-26 19:17:55
104399655,Системы помощи,камера заднего вида,2023-05-26 19:17:55
104399655,Системы помощи,парктроники,2023-05-26 19:17:55
104399655,Интерьер,тёмный,2023-05-26 19:17:55
104399655,Интерьер,искусственная кожа,2023-05-26 19:17:55
104399655,Интерьер,люк,2023-05-26 19:17:55
104399655,Комфорт,круиз-контроль,2023-05-26 19:17:55
104399655,Комфорт,управление мультимедиа с руля,2023-05-26 19:17:55
104399655,Комфорт,передние электро-стеклоподъёмники,2023-05-26 19:17:55
104399655,Комфорт,задние электро-стеклоподъёмники,2023-05-26 19:17:55
104399655,Обогрев,сидений,2023-05-26 19:17:55
104399655,Обогрев,зеркал,2023-05-26 19:17:55
104399655,Климат,климат-контроль,2023-05-26 19:17:55
104399655,Мультимедиа,Bluetooth,2023-05-26 19:17:55
104399655,Мультимедиа,CD или MP3,2023-05-26 19:17:55
104399655,Мультимедиа,USB,2023-05-26 19:17:55
104399655,Мультимедиа,мультимедийный экран,2023-05-26 19:17:55
104399655,Фары,светодиодные,2023-05-26 19:17:55
104399959,Экстерьер,легкосплавные диски,2023-05-26 19:17:55
104399959,Системы безопасности,ABS,2023-05-26 19:17:55
104399959,Системы безопасности,ESP,2023-05-26 19:17:55
104399959,Системы безопасности,антипробуксовочная,2023-05-26 19:17:55
104399959,Системы безопасности,иммобилайзер,2023-05-26 19:17:55
104399959,Подушки,передние,2023-05-26 19:17:55
104399959,Подушки,боковые,2023-05-26 19:17:55
104399959,Подушки,задние,2023-05-26 19:17:55
104399959,Системы помощи,датчик дождя,2023-05-26 19:17:55
104399959,Системы помощи,камера заднего вида,2023-05-26 19:17:55
104399959,Системы помощи,парктроники,2023-05-26 19:17:55
104399959,Интерьер,тёмный,2023-05-26 19:17:55
104399959,Интерьер,искусственная кожа,2023-05-26 19:17:55
104399959,Интерьер,люк,2023-05-26 19:17:55
104399959,Комфорт,круиз-контроль,2023-05-26 19:17:55
104399959,Комфорт,управление мультимедиа с руля,2023-05-26 19:17:55
104399959,Комфорт,передние электро-стеклоподъёмники,2023-05-26 19:17:55
104399959,Комфорт,задние электро-стеклоподъёмники,2023-05-26 19:17:55
104399959,Обогрев,сидений,2023-05-26 19:17:55
104399959,Обогрев,зеркал,2023-05-26 19:17:55
104399959,Климат,климат-контроль,2023-05-26 19:17:55
104399959,Мультимедиа,Bluetooth,2023-05-26 19:17:55
104399959,Мультимедиа,CD или MP3,2023-05-26 19:17:55
104399959,Мультимедиа,USB,2023-05-26 19:17:55
104399959,Мультимедиа,мультимедийный экран,2023-05-26 19:17:55
104399959,Фары,светодиодные,2023-05-26 19:17:55
104399659,Экстерьер,легкосплавные диски,2023-05-26 19:17:56
104399659,Системы безопасности,ABS,2023-05-26 19:17:56
104399659,Системы безопасности,ESP,2023-05-26 19:17:56
104399659,Системы безопасности,антипробуксовочная,2023-05-26 19:17:56
104399659,Системы безопасности,иммобилайзер,2023-05-26 19:17:56
104399659,Подушки,передние,2023-05-26 19:17:56
104399659,Подушки,боковые,2023-05-26 19:17:56
104399659,Подушки,задние,2023-05-26 19:17:56
104399659,Системы помощи,датчик дождя,2023-05-26 19:17:56
104399659,Системы помощи,камера заднего вида,2023-05-26 19:17:56
104399659,Системы помощи,парктроники,2023-05-26 19:17:56
104399659,Интерьер,тёмный,2023-05-26 19:17:56
104399659,Интерьер,искусственная кожа,2023-05-26 19:17:56
104399659,Интерьер,люк,2023-05-26 19:17:56
104399659,Комфорт,круиз-контроль,2023-05-26 19:17:56
104399659,Комфорт,управление мультимедиа с руля,2023-05-26 19:17:56
104399659,Комфорт,передние электро-стеклоподъёмники,2023-05-26 19:17:56
104399659,Комфорт,задние электро-стеклоподъёмники,2023-05-26 19:17:56
104399659,Обогрев,сидений,2023-05-26 19:17:56
104399659,Обогрев,зеркал,2023-05-26 19:17:56
104399659,Климат,климат-контроль,2023-05-26 19:17:56
104399659,Мультимедиа,Bluetooth,2023-05-26 19:17:56
104399659,Мультимедиа,CD или MP3,2023-05-26 19:17:56
104399659,Мультимедиа,USB,2023-05-26 19:17:56
104399659,Мультимедиа,мультимедийный экран,2023-05-26 19:17:56
104399659,Фары,светодиодные,2023-05-26 19:17:56
104635254,Экстерьер,легкосплавные диски,2023-05-26 19:17:56
104635254,Системы безопасности,ABS,2023-05-26 19:17:56
104635254,Системы безопасности,ESP,2023-05-26 19:17:56
104635254,Системы безопасности,антипробуксовочная,2023-05-26 19:17:56
104635254,Системы безопасности,иммобилайзер,2023-05-26 19:17:56
104635254,Системы безопасности,сигнализация,2023-05-26 19:17:56
104635254,Подушки,передние,2023-05-26 19:17:56
104635254,Подушки,боковые,2023-05-26 19:17:56
104635254,Подушки,задние,2023-05-26 19:17:56
104635254,Системы помощи,датчик дождя,2023-05-26 19:17:56
104635254,Системы помощи,камера заднего вида,2023-05-26 19:17:56
104635254,Системы помощи,парктроники,2023-05-26 19:17:56
104635254,Системы помощи,контроль мертвых зон на зеркалах,2023-05-26 19:17:56
104635254,Интерьер,комби,2023-05-26 19:17:56
104635254,Интерьер,искусственная кожа,2023-05-26 19:17:56
104635254,Интерьер,люк,2023-05-26 19:17:56
104635254,Комфорт,автозапуск двигателя,2023-05-26 19:17:56
104635254,Комфорт,круиз-контроль,2023-05-26 19:17:56
104635254,Комфорт,управление мультимедиа с руля,2023-05-26 19:17:56
104635254,Комфорт,электрорегулировка сидений,2023-05-26 19:17:56
104635254,Комфорт,передние электро-стеклоподъёмники,2023-05-26 19:17:56
104635254,Комфорт,задние электро-стеклоподъёмники,2023-05-26 19:17:56
104635254,Обогрев,зеркал,2023-05-26 19:17:56
104635254,Климат,климат-контроль,2023-05-26 19:17:56
104635254,Мультимедиа,AUX или iPod,2023-05-26 19:17:56
104635254,Мультимедиа,Bluetooth,2023-05-26 19:17:56
104635254,Мультимедиа,CD или MP3,2023-05-26 19:17:56
104635254,Мультимедиа,мультимедийный экран,2023-05-26 19:17:56
104635254,Мультимедиа,штатная навигация,2023-05-26 19:17:56
104635254,Фары,ксеноновые,2023-05-26 19:17:56
104324135,Экстерьер,легкосплавные диски,2023-05-26 19:17:57
104324135,Экстерьер,рейлинги на крыше,2023-05-26 19:17:57
104324135,Системы безопасности,ABS,2023-05-26 19:17:57
104324135,Системы безопасности,ESP,2023-05-26 19:17:57
104324135,Системы безопасности,антипробуксовочная,2023-05-26 19:17:57
104324135,Системы безопасности,иммобилайзер,2023-05-26 19:17:57
104324135,Подушки,передние,2023-05-26 19:17:57
104324135,Подушки,боковые,2023-05-26 19:17:57
104324135,Системы помощи,камера заднего вида,2023-05-26 19:17:57
104324135,Системы помощи,парктроники,2023-05-26 19:17:57
104324135,Интерьер,тёмный,2023-05-26 19:17:57
104324135,Интерьер,искусственная кожа,2023-05-26 19:17:57
104324135,Интерьер,люк,2023-05-26 19:17:57
104324135,Комфорт,круиз-контроль,2023-05-26 19:17:57
104324135,Комфорт,управление мультимедиа с руля,2023-05-26 19:17:57
104324135,Комфорт,электрорегулировка сидений,2023-05-26 19:17:57
104324135,Комфорт,передние электро-стеклоподъёмники,2023-05-26 19:17:57
104324135,Комфорт,задние электро-стеклоподъёмники,2023-05-26 19:17:57
104324135,Обогрев,сидений,2023-05-26 19:17:57
104324135,Обогрев,зеркал,2023-05-26 19:17:57
104324135,Климат,климат-контроль,2023-05-26 19:17:57
104324135,Мультимедиа,Bluetooth,2023-05-26 19:17:57
104324135,Мультимедиа,USB,2023-05-26 19:17:57
104324135,Мультимедиа,мультимедийный экран,2023-05-26 19:17:57
104324135,Фары,светодиодные,2023-05-26 19:17:57
104339543,Экстерьер,легкосплавные диски,2023-05-26 19:17:57
104339543,Экстерьер,рейлинги на крыше,2023-05-26 19:17:57
104339543,Системы безопасности,ABS,2023-05-26 19:17:57
104339543,Системы безопасности,ESP,2023-05-26 19:17:57
104339543,Системы безопасности,антипробуксовочная,2023-05-26 19:17:57
104339543,Системы безопасности,иммобилайзер,2023-05-26 19:17:57
104339543,Подушки,передние,2023-05-26 19:17:57
104339543,Системы помощи,камера заднего вида,2023-05-26 19:17:57
104339543,Системы помощи,парктроники,2023-05-26 19:17:57
104339543,Интерьер,тёмный,2023-05-26 19:17:57
104339543,Интерьер,комбинированные материалы,2023-05-26 19:17:57
104339543,Интерьер,люк,2023-05-26 19:17:57
104339543,Комфорт,круиз-контроль,2023-05-26 19:17:57
104339543,Комфорт,управление мультимедиа с руля,2023-05-26 19:17:57
104339543,Комфорт,передние электро-стеклоподъёмники,2023-05-26 19:17:57
104339543,Комфорт,задние электро-стеклоподъёмники,2023-05-26 19:17:57
104339543,Обогрев,зеркал,2023-05-26 19:17:57
104339543,Климат,климат-контроль,2023-05-26 19:17:57
104339543,Мультимедиа,Bluetooth,2023-05-26 19:17:57
104339543,Мультимедиа,USB,2023-05-26 19:17:57
104339543,Мультимедиа,мультимедийный экран,2023-05-26 19:17:57
